<?xml version="1.0" encoding="UTF-8" standalone="yes"?>
<configurationProperties>
    <configurationProperty valueMandatory="true" configurationMandatory="false" maskValueInUI="false" storeValueAsEncrypted="false">
        <name>rm-desktop.bsicontext.protocolBinding</name>
        <description>Protocol binding used by the BSI context</description>
        <help>Possible values TCPIP/SBA or MQ/SBA</help>
        <dataType>java.lang.String</dataType>
        <defaultValue>TCPIP/SBA</defaultValue>
        <scope>Env</scope>
        <configurationTarget>PropertyFile</configurationTarget>
        <fileName>bsicontext.properties</fileName>
        <allowedValues>
            <freeText></freeText>
        </allowedValues>
    </configurationProperty>
    <configurationProperty valueMandatory="true" configurationMandatory="false" maskValueInUI="false" storeValueAsEncrypted="false">
        <name>rm-desktop.bsicontext.messageReceiver.className</name>
        <description>Classname used by TCPIP or MQ message receivers in the BSI context</description>
        <help>Defines whether to use TCPIP or MQ. Possible values: com.aciworldwide.aps.adf.bsi.messaging.transport.netty.TCPIPListener or com.aciworldwide.aps.adf.bsi.messaging.transport.mq.MQTransportListener</help>
        <dataType>java.lang.String</dataType>
        <defaultValue>com.aciworldwide.aps.adf.bsi.messaging.transport.netty.TCPIPListener</defaultValue>
        <scope>Env</scope>
        <configurationTarget>PropertyFile</configurationTarget>
        <fileName>bsicontext.properties</fileName>
        <allowedValues>
            <freeText></freeText>
        </allowedValues>
    </configurationProperty>
    <configurationProperty valueMandatory="true" configurationMandatory="false" maskValueInUI="false" storeValueAsEncrypted="false">
        <name>rm-desktop.bsicontext.tcpip.sslEnabled</name>
        <description>Whether SSL should be enabled or not for TCPIP in the BSI context</description>
        <help>If enabled the keystore and trustore properties have to be properly filled</help>
        <dataType>java.lang.Boolean</dataType>
        <defaultValue>true</defaultValue>
        <scope>Env</scope>
        <configurationTarget>PropertyFile</configurationTarget>
        <fileName>bsicontext.properties</fileName>
        <allowedValues>
            <commaSeparatedList>true,false</commaSeparatedList>
        </allowedValues>
    </configurationProperty>
    <configurationProperty valueMandatory="true" configurationMandatory="false" maskValueInUI="false" storeValueAsEncrypted="false">
        <name>rm-desktop.bsicontext.tcpip.keyStoreFilePath</name>
        <description>Path or name of the keystore file</description>
        <help>Keystore file path required if SSL is enabled</help>
        <dataType>java.lang.String</dataType>
        <defaultValue>clientkey.keystore</defaultValue>
        <scope>Env</scope>
        <configurationTarget>PropertyFile</configurationTarget>
        <fileName>bsicontext.properties</fileName>
        <allowedValues>
            <freeText></freeText>
        </allowedValues>
    </configurationProperty>
    <configurationProperty valueMandatory="true" configurationMandatory="true" maskValueInUI="true" storeValueAsEncrypted="true">
        <name>rm-desktop.bsicontext.tcpip.keyStorePassword</name>
        <description>Encrypted password of the keystore file</description>
        <help>Keystore file password required if SSL is enabled</help>
        <dataType>java.lang.String</dataType>
        <defaultValue></defaultValue>
        <scope>Env</scope>
        <configurationTarget>PropertyFile</configurationTarget>
        <fileName>bsicontext.properties</fileName>
        <allowedValues>
            <freeText></freeText>
        </allowedValues>
    </configurationProperty>
    <configurationProperty valueMandatory="true" configurationMandatory="true" maskValueInUI="true" storeValueAsEncrypted="true">
        <name>rm-desktop.bsicontext.tcpip.cipherPassword</name>
        <description>Encrypted Cipher password</description>
        <help>Cipher password required if SSL is enabled</help>
        <dataType>java.lang.String</dataType>
        <defaultValue>^'!vbfV/6j,BDu7SW!W!2R:YoO2+Zao=s=j0E`e~=B}A.-'z/1ru9ieXTm`tUTH%</defaultValue>
        <scope>Env</scope>
        <configurationTarget>PropertyFile</configurationTarget>
        <fileName>bsicontext.properties</fileName>
        <allowedValues>
            <freeText></freeText>
        </allowedValues>
    </configurationProperty>
    <configurationProperty valueMandatory="true" configurationMandatory="false" maskValueInUI="false" storeValueAsEncrypted="false">
        <name>rm-desktop.bsicontext.tcpip.trustStoreFilePath</name>
        <description>Path or name of the truststore file</description>
        <help>Truststore file path required if SSL is enabled</help>
        <dataType>java.lang.String</dataType>
        <defaultValue>truststore.keystore</defaultValue>
        <scope>Env</scope>
        <configurationTarget>PropertyFile</configurationTarget>
        <fileName>bsicontext.properties</fileName>
        <allowedValues>
            <freeText></freeText>
        </allowedValues>
    </configurationProperty>
    <configurationProperty valueMandatory="true" configurationMandatory="true" maskValueInUI="true" storeValueAsEncrypted="true">
        <name>rm-desktop.bsicontext.tcpip.trustStorePassword</name>
        <description>Encrypted password of the truststore file</description>
        <help>Truststore file password required if SSL is enabled</help>
        <dataType>java.lang.String</dataType>
        <defaultValue></defaultValue>
        <scope>Env</scope>
        <configurationTarget>PropertyFile</configurationTarget>
        <fileName>bsicontext.properties</fileName>
        <allowedValues>
            <freeText></freeText>
        </allowedValues>
    </configurationProperty>
    <configurationProperty valueMandatory="true" configurationMandatory="false" maskValueInUI="false" storeValueAsEncrypted="false">
        <name>rm-desktop.bsicontext.mq.queuemanager</name>
        <description>Name of the quemanager for the BSI context</description>
        <help>Only valid if MQ is used instead of TCPIP</help>
        <dataType>java.lang.String</dataType>
        <defaultValue>BSI</defaultValue>
        <scope>Env</scope>
        <configurationTarget>PropertyFile</configurationTarget>
        <fileName>bsicontext.properties</fileName>
        <allowedValues>
            <freeText></freeText>
        </allowedValues>
    </configurationProperty>
    <configurationProperty valueMandatory="true" configurationMandatory="true" maskValueInUI="false" storeValueAsEncrypted="false">
        <name>rm-desktop.bsicontext.ConsumerSummaryReceiver.url</name>
        <description>URL for the given BSI service receiver</description>
        <help>Allows the possibility to customize the host and port for the url that the given BSI service receiver uses</help>
        <dataType>java.lang.String</dataType>
        <defaultValue>bsi:tcpip://{HOST_NAME}:3851</defaultValue>
        <scope>Env</scope>
        <configurationTarget>PropertyFile</configurationTarget>
        <fileName>bsicontext.properties</fileName>
        <allowedValues>
            <freeText></freeText>
        </allowedValues>
    </configurationProperty>
    <!--configurationProperty valueMandatory="true" configurationMandatory="true" maskValueInUI="false" storeValueAsEncrypted="false">
        <name>rm-desktop.bsicontext.ProviderSummaryReceiver.url</name>
        <description>URL for the given BSI service receiver</description>
        <help>Allows the possibility to customize the host and port for the url that the given BSI service receiver uses</help>
        <dataType>java.lang.String</dataType>
        <defaultValue>bsi:tcpip://{HOST_NAME}:3852</defaultValue>
        <scope>Env</scope>
        <configurationTarget>PropertyFile</configurationTarget>
        <fileName>bsicontext.properties</fileName>
        <allowedValues>
            <freeText></freeText>
        </allowedValues>
    </configurationProperty-->
    <configurationProperty valueMandatory="true" configurationMandatory="true" maskValueInUI="false" storeValueAsEncrypted="false">
        <name>rm-desktop.bsicontext.AuthenticationReceiver.url</name>
        <description>URL for the given BSI service receiver</description>
        <help>Allows the possibility to customize the host and port for the url that the given BSI service receiver uses</help>
        <dataType>java.lang.String</dataType>
        <defaultValue>bsi:tcpip://{HOST_NAME}:3856</defaultValue>
        <scope>Env</scope>
        <configurationTarget>PropertyFile</configurationTarget>
        <fileName>bsicontext.properties</fileName>
        <allowedValues>
            <freeText></freeText>
        </allowedValues>
    </configurationProperty>
    <configurationProperty valueMandatory="true" configurationMandatory="true" maskValueInUI="false" storeValueAsEncrypted="false">
        <name>rm-desktop.bsicontext.AuthorizationReceiver.url</name>
        <description>URL for the given BSI service receiver</description>
        <help>Allows the possibility to customize the host and port for the url that the given BSI service receiver uses</help>
        <dataType>java.lang.String</dataType>
        <defaultValue>bsi:tcpip://{HOST_NAME}:3857</defaultValue>
        <scope>Env</scope>
        <configurationTarget>PropertyFile</configurationTarget>
        <fileName>bsicontext.properties</fileName>
        <allowedValues>
            <freeText></freeText>
        </allowedValues>
    </configurationProperty>
    <configurationProperty valueMandatory="true" configurationMandatory="true" maskValueInUI="false" storeValueAsEncrypted="false">
        <name>rm-desktop.bsicontext.SessionManagementReceiver.url</name>
        <description>URL for the given BSI service receiver</description>
        <help>Allows the possibility to customize the host and port for the url that the given BSI service receiver uses</help>
        <dataType>java.lang.String</dataType>
        <defaultValue>bsi:tcpip://{HOST_NAME}:3858</defaultValue>
        <scope>Env</scope>
        <configurationTarget>PropertyFile</configurationTarget>
        <fileName>bsicontext.properties</fileName>
        <allowedValues>
            <freeText></freeText>
        </allowedValues>
    </configurationProperty>
    <configurationProperty valueMandatory="true" configurationMandatory="true" maskValueInUI="false" storeValueAsEncrypted="false">
        <name>rm-desktop.bsicontext.AuditReceiver.url</name>
        <description>URL for the given BSI service receiver</description>
        <help>Allows the possibility to customize the host and port for the url that the given BSI service receiver uses</help>
        <dataType>java.lang.String</dataType>
        <defaultValue>bsi:tcpip://{HOST_NAME}:3864</defaultValue>
        <scope>Env</scope>
        <configurationTarget>PropertyFile</configurationTarget>
        <fileName>bsicontext.properties</fileName>
        <allowedValues>
            <freeText></freeText>
        </allowedValues>
    </configurationProperty>
    <configurationProperty valueMandatory="true" configurationMandatory="true" maskValueInUI="false" storeValueAsEncrypted="false">
        <name>rm-desktop.bsicontext.IScaleAdminReceiver.url</name>
        <description>URL for the given BSI service receiver</description>
        <help>Allows the possibility to customize the host and port for the url that the given BSI service receiver uses</help>
        <dataType>java.lang.String</dataType>
        <defaultValue>bsi:tcpip://{HOST_NAME}:3849</defaultValue>
        <scope>Env</scope>
        <configurationTarget>PropertyFile</configurationTarget>
        <fileName>bsicontext.properties</fileName>
        <allowedValues>
            <freeText></freeText>
        </allowedValues>
    </configurationProperty>
    <configurationProperty valueMandatory="false" configurationMandatory="false" maskValueInUI="false" storeValueAsEncrypted="false">
        <name>rm-desktop.staticRegistry.ConsumerSummary.url</name>
        <description>URL for the given BSI service receiver</description>
        <help>Allows the possibility to customize the host and port for the url that the given BSI service receiver uses</help>
        <dataType>java.lang.String</dataType>
        <defaultValue>bsi:tcpip://nrc3lapsfcitapp01vm:23446</defaultValue>
        <scope>Env</scope>
        <configurationTarget>PropertyFile</configurationTarget>
        <fileName>bsicontext.properties</fileName>
        <allowedValues>
            <freeText></freeText>
        </allowedValues>
    </configurationProperty>
    <!--configurationProperty valueMandatory="false" configurationMandatory="false" maskValueInUI="false" storeValueAsEncrypted="false">
        <name>rm-desktop.staticRegistry.ProviderSummary.url</name>
        <description>URL for the given BSI service receiver</description>
        <help>Allows the possibility to customize the host and port for the url that the given BSI service receiver uses</help>
        <dataType>java.lang.String</dataType>
        <defaultValue>bsi:tcpip://nrc3lapsfcitapp01vm:23446</defaultValue>
        <scope>Env</scope>
        <configurationTarget>PropertyFile</configurationTarget>
        <fileName>bsicontext.properties</fileName>
        <allowedValues>
            <freeText></freeText>
        </allowedValues>
    </configurationProperty-->
    <configurationProperty valueMandatory="true" configurationMandatory="true" maskValueInUI="false" storeValueAsEncrypted="false">
        <name>rm-desktop.staticRegistry.Authentication.url</name>
        <description>URL for the given BSI service receiver</description>
        <help>Allows the possibility to customize the host and port for the url that the given BSI service receiver uses</help>
        <dataType>java.lang.String</dataType>
        <defaultValue>bsi:tcpip://{HOST_NAME}:9133</defaultValue>
        <scope>Env</scope>
        <configurationTarget>PropertyFile</configurationTarget>
        <fileName>bsicontext.properties</fileName>
        <allowedValues>
            <freeText></freeText>
        </allowedValues>
    </configurationProperty>
    <configurationProperty valueMandatory="true" configurationMandatory="true" maskValueInUI="false" storeValueAsEncrypted="false">
        <name>rm-desktop.staticRegistry.Authorization.url</name>
        <description>URL for the given BSI service receiver</description>
        <help>Allows the possibility to customize the host and port for the url that the given BSI service receiver uses</help>
        <dataType>java.lang.String</dataType>
        <defaultValue>bsi:tcpip://{HOST_NAME}:3233</defaultValue>
        <scope>Env</scope>
        <configurationTarget>PropertyFile</configurationTarget>
        <fileName>bsicontext.properties</fileName>
        <allowedValues>
            <freeText></freeText>
        </allowedValues>
    </configurationProperty>
    <configurationProperty valueMandatory="true" configurationMandatory="true" maskValueInUI="false" storeValueAsEncrypted="false">
        <name>rm-desktop.staticRegistry.SessionManagement.url</name>
        <description>URL for the given BSI service receiver</description>
        <help>Allows the possibility to customize the host and port for the url that the given BSI service receiver uses</help>
        <dataType>java.lang.String</dataType>
        <defaultValue>bsi:tcpip://{HOST_NAME}:3433</defaultValue>
        <scope>Env</scope>
        <configurationTarget>PropertyFile</configurationTarget>
        <fileName>bsicontext.properties</fileName>
        <allowedValues>
            <freeText></freeText>
        </allowedValues>
    </configurationProperty>
    <configurationProperty valueMandatory="true" configurationMandatory="true" maskValueInUI="false" storeValueAsEncrypted="false">
        <name>rm-desktop.staticRegistry.Audit.url</name>
        <description>URL for the given BSI service receiver</description>
        <help>Allows the possibility to customize the host and port for the url that the given BSI service receiver uses</help>
        <dataType>java.lang.String</dataType>
        <defaultValue>bsi:tcpip://{HOST_NAME}:3633</defaultValue>
        <scope>Env</scope>
        <configurationTarget>PropertyFile</configurationTarget>
        <fileName>bsicontext.properties</fileName>
        <allowedValues>
            <freeText></freeText>
        </allowedValues>
    </configurationProperty>
    <configurationProperty valueMandatory="true" configurationMandatory="false" maskValueInUI="false" storeValueAsEncrypted="false">
        <name>core-webapp.desktopManagement.beanname</name>
        <description>core webapp desktopManagement beanname</description>
        <help>core webapp desktopManagement beanname</help>
        <dataType>java.lang.String</dataType>
        <defaultValue>emfIScaleDesktopManagementHelper</defaultValue>
        <scope>App</scope>
        <configurationTarget>PropertyFile</configurationTarget>
        <fileName>bsicontext.properties</fileName>
        <allowedValues>
            <freeText></freeText>
        </allowedValues>
    </configurationProperty>
    <configurationProperty valueMandatory="true" configurationMandatory="false" maskValueInUI="false" storeValueAsEncrypted="false">
        <name>emf.browserCacheEnabled</name>
        <description>Browser cache for EMF defintions can be enabled/disabled using this property</description>
        <help>For development environments this can be set to false. For NFR or production environments, this should be set to true,Only For RM-Desktop this is being Overridden to make it False</help>
        <dataType>java.lang.Boolean</dataType>
        <defaultValue>false</defaultValue>
        <scope>App</scope>
        <configurationTarget>PropertyFile</configurationTarget>
        <fileName>emfcoreconfig.properties</fileName>
        <allowedValues>
            <commaSeparatedList>true,false</commaSeparatedList>
        </allowedValues>
    </configurationProperty>
    <configurationProperty valueMandatory="true" configurationMandatory="false" maskValueInUI="false" storeValueAsEncrypted="false">
        <name>rm-desktop.bsicontext.mq.remote.hostname</name>
        <description>Remote MQ host name</description>
        <help>Allows the possibility to customize the remote MQ host that the given BSI service receiver uses</help>
        <dataType>java.lang.String</dataType>
        <defaultValue>_NOT_USED_</defaultValue>
        <scope>Env</scope>
        <configurationTarget>PropertyFile</configurationTarget>
        <fileName>bsicontext.properties</fileName>
        <allowedValues>
            <freeText></freeText>
        </allowedValues>
    </configurationProperty>
    <configurationProperty valueMandatory="true" configurationMandatory="false" maskValueInUI="false" storeValueAsEncrypted="false">
        <name>rm-desktop.bsicontext.mq.remote.port</name>
        <description>Remote MQ port</description>
        <help>Allows the possibility to customize the remote MQ port that the given BSI service receiver uses</help>
        <dataType>java.lang.String</dataType>
        <defaultValue>_NOT_USED_</defaultValue>
        <scope>Env</scope>
        <configurationTarget>PropertyFile</configurationTarget>
        <fileName>bsicontext.properties</fileName>
        <allowedValues>
            <freeText></freeText>
        </allowedValues>
    </configurationProperty>
    <configurationProperty valueMandatory="true" configurationMandatory="false" maskValueInUI="false" storeValueAsEncrypted="false">
        <name>rm-desktop.bsicontext.mq.remote.channel</name>
        <description>Remote MQ channel</description>
        <help>Allows the possibility to customize the remote MQ channel that the given BSI service receiver uses</help>
        <dataType>java.lang.String</dataType>
        <defaultValue>_NOT_USED_</defaultValue>
        <scope>Env</scope>
        <configurationTarget>PropertyFile</configurationTarget>
        <fileName>bsicontext.properties</fileName>
        <allowedValues>
            <freeText></freeText>
        </allowedValues>
    </configurationProperty>
    <configurationProperty valueMandatory="true" configurationMandatory="true" maskValueInUI="false" storeValueAsEncrypted="false">
        <name>rm-desktop.staticRegistry.UserImport.url</name>
        <description>URL for the given BSI service receiver</description>
        <help>Allows the possibility to customize the host and port for the url that the given BSI service receiver uses</help>
        <dataType>java.lang.String</dataType>
        <defaultValue>bsi:tcpip://{HOST_NAME}:4128</defaultValue>
        <scope>Env</scope>
        <configurationTarget>PropertyFile</configurationTarget>
        <fileName>bsicontext.properties</fileName>
        <allowedValues>
            <freeText></freeText>
        </allowedValues>
    </configurationProperty>
    <configurationProperty valueMandatory="true" configurationMandatory="true" maskValueInUI="false" storeValueAsEncrypted="false">
        <name>rm-desktop.staticRegistry.OrgImport.url</name>
        <description>URL for the given BSI service receiver</description>
        <help>Allows the possibility to customize the host and port for the url that the given BSI service receiver uses</help>
        <dataType>java.lang.String</dataType>
        <defaultValue>bsi:tcpip://{HOST_NAME}:4148</defaultValue>
        <scope>Env</scope>
        <configurationTarget>PropertyFile</configurationTarget>
        <fileName>bsicontext.properties</fileName>
        <allowedValues>
            <freeText></freeText>
        </allowedValues>
    </configurationProperty>
    <configurationProperty valueMandatory="true" configurationMandatory="true" maskValueInUI="false" storeValueAsEncrypted="false">
        <name>rm-desktop.staticRegistry.EntitlementsRuntimeDataExport.url</name>
        <description>URL for the given BSI service receiver</description>
        <help>Allows the possibility to customize the host and port for the url that the given BSI service receiver uses</help>
        <dataType>java.lang.String</dataType>
        <defaultValue>bsi:tcpip://{HOST_NAME}:3733</defaultValue>
        <scope>Env</scope>
        <configurationTarget>PropertyFile</configurationTarget>
        <fileName>bsicontext.properties</fileName>
        <allowedValues>
            <freeText></freeText>
        </allowedValues>
    </configurationProperty>
    <configurationProperty valueMandatory="true" configurationMandatory="true" maskValueInUI="false" storeValueAsEncrypted="false">
        <name>rm-desktop.staticRegistry.RoleImport.url</name>
        <description>URL for the given BSI service receiver</description>
        <help>Allows the possibility to customize the host and port for the url that the given BSI service receiver uses</help>
        <dataType>java.lang.String</dataType>
        <defaultValue>bsi:tcpip://{HOST_NAME}:3634</defaultValue>
        <scope>Env</scope>
        <configurationTarget>PropertyFile</configurationTarget>
        <fileName>bsicontext.properties</fileName>
        <allowedValues>
            <freeText></freeText>
        </allowedValues>
    </configurationProperty>	
    <configurationProperty valueMandatory="true" configurationMandatory="true" maskValueInUI="false" storeValueAsEncrypted="false">
        <name>rm-desktop.staticRegistry.Provision.url</name>
        <description>URL for the given BSI service receiver</description>
        <help>Allows the possibility to customize the host and port for the url that the given BSI service receiver uses</help>
        <dataType>java.lang.String</dataType>
        <defaultValue>bsi:tcpip://{HOST_NAME}:3634</defaultValue>
        <scope>Env</scope>
        <configurationTarget>PropertyFile</configurationTarget>
        <fileName>bsicontext.properties</fileName>
        <allowedValues>
            <freeText></freeText>
        </allowedValues>
    </configurationProperty>
    <configurationProperty valueMandatory="true" configurationMandatory="true" maskValueInUI="false" storeValueAsEncrypted="false">
        <name>rm-desktop.bsicontext.RoleImportReceiver.url</name>
        <description>URL for the given BSI service receiver</description>
        <help>Allows the possibility to customize the host and port for the url that the given BSI service receiver uses</help>
        <dataType>java.lang.String</dataType>
        <defaultValue>bsi:tcpip://{HOST_NAME}:3865</defaultValue>
        <scope>Env</scope>
        <configurationTarget>PropertyFile</configurationTarget>
        <fileName>bsicontext.properties</fileName>
        <allowedValues>
            <freeText></freeText>
        </allowedValues>
    </configurationProperty>
    <configurationProperty valueMandatory="true" configurationMandatory="true" maskValueInUI="false" storeValueAsEncrypted="false">
        <name>rm-desktop.bsicontext.ProvisionReceiver.url</name>
        <description>URL for the given BSI service receiver</description>
        <help>Allows the possibility to customize the host and port for the url that the given BSI service receiver uses</help>
        <dataType>java.lang.String</dataType>
        <defaultValue>bsi:tcpip://{HOST_NAME}:3866</defaultValue>
        <scope>Env</scope>
        <configurationTarget>PropertyFile</configurationTarget>
        <fileName>bsicontext.properties</fileName>
        <allowedValues>
            <freeText></freeText>
        </allowedValues>
    </configurationProperty>
    <configurationProperty valueMandatory="true" configurationMandatory="true" maskValueInUI="false" storeValueAsEncrypted="false">
        <name>rm-desktop.bsicontext.EntitlementsRuntimeDataExportReceiver.url</name>
        <description>URL for the given BSI service receiver</description>
        <help>Allows the possibility to customize the host and port for the url that the given BSI service receiver uses</help>
        <dataType>java.lang.String</dataType>
        <defaultValue>bsi:tcpip://{HOST_NAME}:3867</defaultValue>
        <scope>Env</scope>
        <configurationTarget>PropertyFile</configurationTarget>
        <fileName>bsicontext.properties</fileName>
        <allowedValues>
            <freeText></freeText>
        </allowedValues>
    </configurationProperty>	
    <configurationProperty valueMandatory="true" configurationMandatory="false" maskValueInUI="false" storeValueAsEncrypted="false">
        <name>entitlements.integration.appEntMapInfoBean</name>
        <description>To use cache enabled AppEntMapInfo bean to not</description>
        <help>Making RM-Desktop to use cache disabled AppResEntMap Bean</help>
        <dataType>java.lang.String</dataType>
        <defaultValue>noCacheEnabledAppEntMapInfoDaoBean</defaultValue>
        <scope>App</scope>
        <configurationTarget>PropertyFile</configurationTarget>
        <fileName>bsicontext.properties</fileName>
        <allowedValues>
            <freeText></freeText>
        </allowedValues>
    </configurationProperty>
    <configurationProperty valueMandatory="true" configurationMandatory="false" maskValueInUI="false" storeValueAsEncrypted="false">
        <name>iscale.sync.categories</name>
        <description>Categories to synchronize during iscale synchronization</description>
        <help>Comma separated list of categories. If not provided or * then all categories will be included eg. emf, urlvalidation, actions,entitlements,users </help>
        <dataType>java.lang.String</dataType>
        <defaultValue>configmanager,policy</defaultValue>
        <scope>App</scope>
        <configurationTarget>PropertyFile</configurationTarget>
        <fileName>iscale-sync-client.properties</fileName>
        <allowedValues>
            <freeText></freeText>
        </allowedValues>
    </configurationProperty>
</configurationProperties>
