<?xml version="1.0" encoding="UTF-8"?>
<!--
  ~
  ~  Copyright (c) 2018 by ACI Worldwide Inc.
  ~  All rights reserved.
  ~
  ~  This software is the confidential and proprietary information of ACI
  ~  Worldwide Inc ("Confidential Information"). You shall not disclose such
  ~  Confidential Information and shall use it only in accordance with the
  ~  terms of the license agreement you entered with ACI Worldwide Inc.
  -->

<!DOCTYPE log4j:configuration PUBLIC "-//APACHE//DTD LOG4J 1.2//EN" "log4j.dtd">
<log4j:configuration xmlns:log4j="http://jakarta.apache.org/log4j/">

    <!-- Appenders -->
    <appender name="console" class="org.apache.log4j.ConsoleAppender">
        <param name="Target" value="System.out" />
        <layout class="org.apache.log4j.PatternLayout">
            <param name="ConversionPattern" value="%d{yyyy-MM-dd HH:mm:ss.SSSZZZZ} [%.35t (%F:%L)] %-5p - %m%n" />
        </layout>
    </appender>

    <category name="com.aciworldwide.sae.RuleManager" additivity="true">
        <level value="${root.log.level}" />
    </category>

    <!-- 3rdparty Loggers -->
    <logger name="org.springframework">
        <level value="${springframework.log.level}"/>
    </logger>

    <!-- Root Logger -->
    <root>
        <priority value="${root.log.level}"/>
        <appender-ref ref="console" />
    </root>

</log4j:configuration>
