<assembly>
	<!-- <id>${project.artifactId}-${project.version}-${maven.build.timestamp}</id> -->
	<formats>
		<format>tar.gz</format>
	</formats>
	<includeBaseDirectory>false</includeBaseDirectory>
	<fileSets>
		<fileSet>
			<directory>conf</directory>
			<outputDirectory>conf</outputDirectory>
		</fileSet>
		<fileSet>
			<directory>src/main/resources/conf</directory>
			<outputDirectory>conf</outputDirectory>
		</fileSet>

		<fileSet>
			<directory>ddl</directory>
			<outputDirectory>ddl</outputDirectory>
		</fileSet>
		<fileSet>
			<directory>src/main/resources/ddl</directory>
			<outputDirectory>ddl</outputDirectory>
		</fileSet>

		<fileSet>
			<directory>scripts</directory>
			<outputDirectory>scripts</outputDirectory>
		</fileSet>				
		<fileSet>
			<directory>src/main/resources/scripts</directory>
			<outputDirectory>scripts</outputDirectory>
		</fileSet>				

		<fileSet>
			<directory>${project.build.directory}</directory>
            		<outputDirectory>/</outputDirectory>
			<includes>
				<include>*.jar</include>
			</includes>
			<excludes>
			    <exclude>**/pom.properties</exclude>
			    <exclude>**/*.xml</exclude>
			</excludes>
		</fileSet>

	</fileSets>
	
</assembly>
