<assembly xmlns="http://maven.apache.org/plugins/maven-assembly-plugin/assembly/1.1.2"
          xmlns:xsi="http://www.w3.org/2001/XMLSchema-instance"
          xsi:schemaLocation="http://maven.apache.org/plugins/maven-assembly-plugin/assembly/1.1.2 http://maven.apache.org/xsd/assembly-1.1.2.xsd">
    <id>docker-context-assembly</id>
    <formats>
        <format>dir</format>
    </formats>
    <includeBaseDirectory>false</includeBaseDirectory>
    <fileSets>
        <fileSet>
            <outputDirectory/>
            <directory>src/main/resources</directory>
            <includes>
                <include>Dockerfile</include>
            </includes>
            <filtered>true</filtered>
        </fileSet>
        <fileSet>
            <outputDirectory/>
            <directory>src/main/resources</directory>
            <includes>
                <include>props/</include>
                <include>files/</include>
            </includes>
            <filtered>false</filtered>
        </fileSet>
    </fileSets>
</assembly>

