<!--
  ~
  ~  Copyright (c) 2018 by ACI Worldwide Inc.
  ~  All rights reserved.
  ~
  ~  This software is the confidential and proprietary information of ACI
  ~  Worldwide Inc ("Confidential Information"). You shall not disclose such
  ~  Confidential Information and shall use it only in accordance with the
  ~  terms of the license agreement you entered with ACI Worldwide Inc.
  -->

<assembly
        xmlns="http://maven.apache.org/plugins/maven-assembly-plugin/assembly/1.1.2"
        xmlns:xsi="http://www.w3.org/2001/XMLSchema-instance"
        xsi:schemaLocation="http://maven.apache.org/plugins/maven-assembly-plugin/assembly/1.1.2 http://maven.apache.org/xsd/assembly-1.1.2.xsd">
    <id>download-dependencies-assembly</id>
    <formats>
        <format>dir</format>
    </formats>
    <includeBaseDirectory>false</includeBaseDirectory>
    <dependencySets>
        <dependencySet>
            <outputDirectory>/</outputDirectory>
            <includes>
                <include>com.aciworldwide.sae.RuleManager:ControlCenter-Desktop</include>
            </includes>
            <unpack>false</unpack>
            <outputFileNameMapping>${artifact.artifactId}.${artifact.extension}</outputFileNameMapping>
        </dependencySet>
        <dependencySet>
            <outputDirectory>/agent</outputDirectory>
            <includes>
                <include>org.jolokia:jolokia-jvm</include>
            </includes>
            <unpack>false</unpack>
            <outputFileNameMapping>jolokia-jvm-agent.${artifact.extension}</outputFileNameMapping>
        </dependencySet>
    </dependencySets>
</assembly>
