<?xml version="1.0" encoding="UTF-8"?>
<map>
   <appContext helpID=""
               path="subjects/Navigation_and_Usability/information_available_in_the_banner4.html"/>
   <appContext helpID="XXXX" path="subjects/Navigation_and_Usability/Contact_ACI.html"/>
   <appContext helpID="XXXX"
               path="subjects/Navigation_and_Usability/Change_your_password.html"/>
   <appContext helpID="" path="topics/use_the_navigation_bar2.html"/>
   <appContext helpID="" path="topics/system_date_and_time_display.html"/>
   <appContext helpID="" path="subjects/CRUD_workflow/workflow_overview2.html"/>
   <appContext helpID="" path="subjects/Navigation_and_Usability/use_quick_access.html"/>
   <appContext helpID=""
               path="subjects/Navigation_and_Usability/search_overview_and_tips.html"/>
   <appContext helpID="" path="subjects/Navigation_and_Usability/use_grids_on_a_ui_page.html"/>
   <appContext helpID="" path="subjects/CRUD_workflow/lookup_windows.html"/>
   <appContext helpID="" path="subjects/CRUD_workflow/switch_a_field_from_lookup_to_text.html"/>
   <appContext helpID="" path="subjects/Help/help_overview.html"/>
   <appContext helpID="" path="subjects/Rule_Manager/concepts/rule_manager_overview.html"/>
   <appContext helpID="" path="subjects/Rule_Manager/concepts/about_rules.html"/>
   <appContext helpID="" path="subjects/Rule_Manager/concepts/rule_fields.html"/>
   <appContext helpID="" path="subjects/Rule_Manager/tasks/create_a_rule.html"/>
   <appContext helpID="" path="subjects/Rule_Manager/tasks/search_for_a_rule.html"/>
   <appContext helpID="" path="subjects/Rule_Manager/tasks/enable_or_disable_a_rule.html"/>
   <appContext helpID="" path="subjects/Rule_Manager/tasks/edit_a_rule.html"/>
   <appContext helpID="" path="subjects/Rule_Manager/tasks/delete_a_rule.html"/>
   <appContext helpID="" path="subjects/Rule_Manager/tasks/see_where_a_rule_is_used.html"/>
   <appContext helpID="" path="subjects/Rule_Manager/tasks/view_the_history_of_a_rule.html"/>
   <appContext helpID="" path="subjects/Rule_Manager/concepts/about_the_rule_templates.html"/>
   <appContext helpID="xd_f6a2e05c44d990d5--3b8d66c3-16967be99f6--7f9d"
               path="subjects/Rule_Manager/tasks/newTask.html"/>
   <appContext helpID="" path="subjects/Rule_Manager/tasks/use_exact_rule_template.html"/>
   <appContext helpID="XXXX" path="subjects/Rule_Manager/concepts/rules_to_edit_overview.html"/>
   <appContext helpID="XXXX"
               path="subjects/Rule_Manager/concepts/rules_to_deploy_overview.html"/>
   <appContext helpID="" path="subjects/Rule_Manager/concepts/about_results.html"/>
   <appContext helpID="" path="subjects/Rule_Manager/concepts/result_fields.html"/>
   <appContext helpID="" path="subjects/Rule_Manager/tasks/create_a_result.html"/>
   <appContext helpID="" path="subjects/Rule_Manager/concepts/about_action_sets.html"/>
   <appContext helpID="" path="subjects/Rule_Manager/concepts/action_set_fields.html"/>
   <appContext helpID="" path="subjects/Rule_Manager/tasks/create_an_action_set.html"/>
   <appContext helpID=""
               path="subjects/Feature_Manager/concepts/feature_manager_overview.html"/>
   <appContext helpID="" path="subjects/Feature_Manager/concepts/feature_fields.html"/>
   <appContext helpID="" path="subjects/Feature_Manager/tasks/create_a_complex_feature_2.html"/>
   <appContext helpID=""
               path="subjects/Feature_Manager/tasks/create_a_dimensional_feature_.html"/>
   <appContext helpID=""
               path="subjects/Feature_Manager/concepts/dimensional_feature_operators_.html"/>
   <appContext helpID=""
               path="subjects/Feature_Manager/concepts/exclude_fraudulent_data_scenarios.html"/>
   <appContext helpID=""
               path="subjects/Feature_Manager/concepts/when_to_include_the_current_transaction_in_a_calcu.html"/>
   <appContext helpID="" path="subjects/Feature_Manager/tasks/search_for_a_feature.html"/>
   <appContext helpID="" path="subjects/Feature_Manager/tasks/clone_a_feature_.html"/>
   <appContext helpID=""
               path="subjects/Feature_Manager/tasks/see_where_a_feature_is_used.html"/>
   <appContext helpID=""
               path="subjects/Feature_Manager/tasks/view_the_history_of_a_feature.html"/>
   <appContext helpID="" path="subjects/List_Manager/concepts/list_manager_overview.html"/>
   <appContext helpID="" path="subjects/List_Manager/concepts/list_manager_fields.html"/>
   <appContext helpID="" path="subjects/List_Manager/tasks/search_for_a_list2.html"/>
   <appContext helpID="" path="subjects/List_Manager/tasks/search_for_a_value_in_a_list.html"/>
   <appContext helpID="" path="subjects/List_Manager/tasks/create_a_list.html"/>
   <appContext helpID="" path="subjects/List_Manager/tasks/add_a_value_to_a_list2.html"/>
   <appContext helpID="" path="subjects/List_Manager/tasks/update_a_value_in_a_list2.html"/>
   <appContext helpID=""
               path="subjects/List_Manager/tasks/manually_expire_values_in_a_list.html"/>
   <appContext helpID="" path="subjects/List_Manager/tasks/delete_values_from_a_list2.html"/>
   <appContext helpID="" path="subjects/List_Manager/tasks/see_where_a_list_is_used.html"/>
   <appContext helpID="" path="subjects/List_Manager/tasks/view_the_history_of_a_list.html"/>
   <appContext helpID="XXXX"
               path="subjects/Click_and_Block_Manager/concepts/click_and_block_overview.html"/>
   <appContext helpID="" path="topics/aci_red_shieldb_id-_guid-b58664da-1718-47e4-ab0b-2.html"/>
   <appContext helpID="" path="Other/customize_the_dashboard.html"/>
   <appContext helpID="" path="topics/dashboard_widgets2.html"/>
   <appContext helpID="" path="Other/add_a_widget_to_the_dashboard2.html"/>
   <appContext helpID="" path="Other/remove_a_widget_from_the_dashboard.html"/>
   <appContext helpID="" path="topics/move_a_widget.html"/>
   <appContext helpID="" path="topics/collapse_and_restore_widgets.html"/>
   <appContext helpID="" path="topics/refresh_widgets.html"/>
   <appContext helpID="" path="topics/select_a_child_organization_.html"/>
   <appContext helpID="" path="topics/set_a_widgets_date-time_range.html"/>
   <appContext helpID="" path="topics/search_transactions.html"/>
   <appContext helpID="" path="topics/enter_search_criteria.html"/>
   <appContext helpID="" path="topics/customize_your_search.html"/>
   <appContext helpID="" path="topics/about_the_search_results.html"/>
   <appContext helpID="" path="topics/customize_your_search_results.html"/>
   <appContext helpID="" path="topics/search_result_columns.html"/>
   <appContext helpID="" path="topics/view_all_columns_for_a_transaction.html"/>
   <appContext helpID="" path="topics/modifying_search_result_columns.html"/>
   <appContext helpID="" path="topics/sort_the_search_results.html"/>
   <appContext helpID="" path="topics/filter_search_results.html"/>
   <appContext helpID="" path="topics/view_more_or_fewer_transactions2.html"/>
   <appContext helpID="" path="topics/access_visual_fraud_analysis_tool.html"/>
   <appContext helpID="" path="Other/access_transaction_details2.html"/>
   <appContext helpID="" path="topics/review_transactions.html"/>
   <appContext helpID="" path="Other/review_transaction_details.html"/>
   <appContext helpID="" path="topics/about_rule_categories.html"/>
   <appContext helpID="" path="topics/_view_details_about_the_recommendations_returned.html"/>
   <appContext helpID="" path="topics/field_descriptions2.html"/>
   <appContext helpID="" path="topics/searching_from_the_transaction_details_page.html"/>
   <appContext helpID="" path="topics/change_labels.html"/>
   <appContext helpID="" path="topics/transaction_details_tab3.html"/>
   <appContext helpID="" path="topics/show_and_hide_tabs.html"/>
   <appContext helpID="GUID-BD2BDC1A-76AE-4D7F-8874-AE5ECB73602B"
               path="topics/reorder_tabs.html"/>
   <appContext helpID="" path="Other/credit_card__email__phone__billing_address__shippi.html"/>
   <appContext helpID="" path="topics/profiles_tab.html"/>
   <appContext helpID="" path="topics/transaction_details_tab3.html"/>
   <appContext helpID="" path="topics/customize_the_transaction_details_tab.html"/>
   <appContext helpID="" path="topics/restore_the_default_settings_for_sections_in_the_t.html"/>
   <appContext helpID="" path="topics/rules_tab2.html"/>
   <appContext helpID="" path="topics/3rd_party_tab.html"/>
   <appContext helpID="" path="topics/work_a_transaction_.html"/>
   <appContext helpID="" path="topics/navigate_transaction_details.html"/>
   <appContext helpID="" path="topics/the_visual_fraud_analysis_tool.html"/>
   <appContext helpID="" path="topics/set_the_order_status_for_a_transaction.html"/>
   <appContext helpID="" path="topics/view_and_add_notes2.html"/>
   <appContext helpID="" path="topics/the_perseuss_main_score.html"/>
   <appContext helpID="" path="topics/reports39.html"/>
   <appContext helpID="" path="topics/report_code_response_table.html"/>
</map>