<?xml version="1.0" encoding="UTF-8"?><toc xmlns:xhtml="http://www.w3.org/1999/xhtml" xmlns:toc="http://www.oxygenxml.com/ns/webhelp/toc" xmlns="http://www.oxygenxml.com/ns/webhelp/toc">
   <title><span xmlns="http://www.w3.org/1999/xhtml" class="title">ReD Shield® Control Center</span></title>
   <topic href="javascript:void(0)" wh-toc-id="tocId-d51e11">
      <title>Using the Application</title>
      <topicmeta>
         <navtitle class="- topic/navtitle ">Using the Application</navtitle>
      </topicmeta>
      <topic href="javascript:void(0)" wh-toc-id="tocId-d51e15">
         <title>Navigation and usability</title>
         <topicmeta>
            <navtitle class="- topic/navtitle ">Navigation and usability</navtitle>
         </topicmeta>
         <topic href="subjects/Navigation_and_Usability/information_available_in_the_banner4.html" data-id="GUID-9CA96B53-AF56-4113-A0D7-7BBEAE887820" wh-toc-id="GUID-9CA96B53-AF56-4113-A0D7-7BBEAE887820-d51e19">
            <title>Information available in the banner</title>
            <shortdesc>
               <p xmlns="http://www.w3.org/1999/xhtml" class="shortdesc">The banner at the top of the UI provides information about the application and access to important functionality.    </p>
            </shortdesc>
            <topicmeta>
               <resourceid oxy-source="topic" class="- topic/resourceid " ux-source-priority="topic-and-map"></resourceid>
               <navtitle class="- topic/navtitle ">Information available in the banner</navtitle><?ditaot gentext?>
               <linktext class="- map/linktext ">Information available in the banner</linktext><?ditaot genshortdesc?>
               <shortdesc class="- map/shortdesc ">The banner at the top of the UI provides information about the application and access to important functionality.    </shortdesc>
            </topicmeta>
         </topic>
         <topic href="subjects/Navigation_and_Usability/Contact_ACI.html" data-id="xd_fbb4f7b9eaace3ae-6781a47c-168fb4e905f--7fbf" wh-toc-id="xd_fbb4f7b9eaace3ae-6781a47c-168fb4e905f--7fbf-d51e30">
            <title>Contact ACI</title>
            <shortdesc>
               <p xmlns="http://www.w3.org/1999/xhtml" class="shortdesc">If you cannot find the answers you need in the     help file, documentation, or embedded help, you may have to contact ACI.</p>
            </shortdesc>
            <topicmeta>
               <resourceid oxy-source="topic" appid="XXXX" ux-source-priority="topic-and-map" class="- topic/resourceid "></resourceid>
               <navtitle class="- topic/navtitle ">Contact ACI</navtitle><?ditaot gentext?>
               <linktext class="- map/linktext ">Contact ACI</linktext><?ditaot genshortdesc?>
               <shortdesc class="- map/shortdesc "><?xm-replace_text Short Description?>If you cannot find the answers you need in the     help file, documentation, or embedded help, you may have to contact ACI.</shortdesc>
            </topicmeta>
         </topic>
         <topic href="subjects/Navigation_and_Usability/Change_your_password.html" data-id="xd_fbb4f7b9eaace3ae-6781a47c-168fb4e905f--7fc0" wh-toc-id="xd_fbb4f7b9eaace3ae-6781a47c-168fb4e905f--7fc0-d51e42">
            <title>Change your password</title>
            <shortdesc>
               <p xmlns="http://www.w3.org/1999/xhtml" class="shortdesc">To change your password, click your user name     displayed in the banner, then select User Preferences to access the Change
                  Password     function.
               </p>
            </shortdesc>
            <topicmeta>
               <resourceid oxy-source="topic" appid="XXXX" ux-source-priority="topic-and-map" class="- topic/resourceid "></resourceid>
               <navtitle class="- topic/navtitle ">Change your password</navtitle><?ditaot gentext?>
               <linktext class="- map/linktext ">Change your password</linktext><?ditaot genshortdesc?>
               <shortdesc class="- map/shortdesc "><?xm-replace_text Short Description?>To change your password, click your user name     displayed in the banner, then select User Preferences to access the Change
                  Password     function.
               </shortdesc>
            </topicmeta>
         </topic>
         <topic href="topics/use_the_navigation_bar2.html" data-id="GUID-1B8D8359-94B4-4F3E-B52A-14C522E5FE8F" wh-toc-id="GUID-1B8D8359-94B4-4F3E-B52A-14C522E5FE8F-d51e54">
            <title>Use the navigation bar</title>
            <topicmeta>
               <resourceid oxy-source="topic" ux-source-priority="topic-and-map" class="- topic/resourceid "></resourceid>
               <navtitle class="- topic/navtitle ">Use the navigation bar</navtitle><?ditaot gentext?>
               <linktext class="- map/linktext ">Use the navigation bar</linktext>
            </topicmeta>
         </topic>
         <topic href="topics/system_date_and_time_display.html" format="dita" data-id="GUID-37C7BBF2-3D33-4436-9905-56E08C30B901" wh-toc-id="GUID-37C7BBF2-3D33-4436-9905-56E08C30B901-d51e62">
            <title>System date and time display</title>
            <topicmeta>
               <resourceid oxy-source="topic" class="- topic/resourceid " ux-source-priority="topic-and-map"></resourceid>
               <navtitle class="- topic/navtitle ">System date and time display</navtitle><?ditaot gentext?>
               <linktext class="- map/linktext ">System date and time display</linktext>
            </topicmeta>
         </topic>
         <topic href="subjects/CRUD_workflow/workflow_overview2.html" data-id="GUID-D1C78FEB-8902-43D1-9666-1C93F602DE9C" wh-toc-id="GUID-D1C78FEB-8902-43D1-9666-1C93F602DE9C-d51e70">
            <title>CRUD workflow overview</title>
            <shortdesc>
               <p xmlns="http://www.w3.org/1999/xhtml" class="shortdesc"> The Rule Manager, Feature Manager, and List Manager use a common create, read, update, and delete (CRUD) workflow on management
                  and form pages.    
               </p>
            </shortdesc>
            <topicmeta>
               <resourceid oxy-source="topic" class="- topic/resourceid " ux-source-priority="topic-and-map"></resourceid>
               <navtitle class="- topic/navtitle ">CRUD workflow overview</navtitle><?ditaot gentext?>
               <linktext class="- map/linktext ">CRUD workflow overview</linktext><?ditaot genshortdesc?>
               <shortdesc class="- map/shortdesc "> The Rule Manager, Feature Manager, and List Manager use a common create, read, update, and delete (CRUD) workflow on management
                  and form pages.    
               </shortdesc>
            </topicmeta>
         </topic>
         <topic href="subjects/Navigation_and_Usability/use_quick_access.html" format="dita" data-id="GUID-C1149B53-2494-4CAC-AB37-7FBB92E7F460" wh-toc-id="GUID-C1149B53-2494-4CAC-AB37-7FBB92E7F460-d51e81">
            <title>Use Quick Access</title>
            <shortdesc>
               <p xmlns="http://www.w3.org/1999/xhtml" class="shortdesc">Quick Access is an alternate method to access UI pages.   </p>
            </shortdesc>
            <topicmeta>
               <resourceid oxy-source="topic" class="- topic/resourceid " ux-source-priority="topic-and-map"></resourceid>
               <navtitle class="- topic/navtitle ">Use Quick Access</navtitle><?ditaot gentext?>
               <linktext class="- map/linktext ">Use Quick Access</linktext><?ditaot genshortdesc?>
               <shortdesc class="- map/shortdesc ">Quick Access is an alternate method to access UI pages.   </shortdesc>
            </topicmeta>
         </topic>
         <topic href="subjects/Navigation_and_Usability/search_overview_and_tips.html" data-id="GUID-42B87A62-3272-48B6-8388-1D16BE8EECF5" wh-toc-id="GUID-42B87A62-3272-48B6-8388-1D16BE8EECF5-d51e92">
            <title>Search overview and tips</title>
            <shortdesc>
               <p xmlns="http://www.w3.org/1999/xhtml" class="shortdesc">Many pages in the ReD Shield® Control Center provide a search function that you can use     to filter search results. </p>
            </shortdesc>
            <topicmeta>
               <resourceid oxy-source="topic" class="- topic/resourceid " ux-source-priority="topic-and-map"></resourceid>
               <navtitle class="- topic/navtitle ">Search overview and tips</navtitle><?ditaot gentext?>
               <linktext class="- map/linktext ">Search overview and tips</linktext><?ditaot genshortdesc?>
               <shortdesc class="- map/shortdesc ">Many pages in the ReD Shield® Control Center provide a search function that you can use     to filter search results. </shortdesc>
            </topicmeta>
         </topic>
         <topic href="subjects/Navigation_and_Usability/use_grids_on_a_ui_page.html" data-id="GUID-73573E3C-47F8-47F0-B772-3D45A7682812" wh-toc-id="GUID-73573E3C-47F8-47F0-B772-3D45A7682812-d51e103">
            <title>Using grids</title>
            <shortdesc>
               <p xmlns="http://www.w3.org/1999/xhtml" class="shortdesc">A grid is a paginated table that displays the results of a search query.    </p>
            </shortdesc>
            <topicmeta>
               <resourceid oxy-source="topic" class="- topic/resourceid " ux-source-priority="topic-and-map"></resourceid>
               <navtitle class="- topic/navtitle ">Using grids</navtitle><?ditaot gentext?>
               <linktext class="- map/linktext ">Use grids on a UI page</linktext><?ditaot genshortdesc?>
               <shortdesc class="- map/shortdesc ">A grid is a paginated table that displays the results of a search query.    </shortdesc>
            </topicmeta>
         </topic>
         <topic href="subjects/CRUD_workflow/lookup_windows.html" data-id="GUID-AA287DA4-EEA8-4FB6-96C3-AAC60CF3832F" wh-toc-id="GUID-AA287DA4-EEA8-4FB6-96C3-AAC60CF3832F-d51e114">
            <title>Lookup windows </title>
            <shortdesc>
               <p xmlns="http://www.w3.org/1999/xhtml" class="shortdesc">A Lookup window provides access to a list of values that you can select to populate a field.    </p>
            </shortdesc>
            <topicmeta>
               <resourceid oxy-source="topic" class="- topic/resourceid " ux-source-priority="topic-and-map"></resourceid>
               <navtitle class="- topic/navtitle ">Lookup windows </navtitle><?ditaot gentext?>
               <linktext class="- map/linktext ">Lookup windows</linktext><?ditaot genshortdesc?>
               <shortdesc class="- map/shortdesc ">A Lookup window provides access to a list of values that you can select to populate a field.    </shortdesc>
            </topicmeta>
         </topic>
         <topic href="subjects/CRUD_workflow/switch_a_field_from_lookup_to_text.html" format="dita" data-id="GUID-330D66EB-9C22-4007-A4A5-7202FB527C6B" wh-toc-id="GUID-330D66EB-9C22-4007-A4A5-7202FB527C6B-d51e126">
            <title>Switch a field from lookup to text</title>
            <shortdesc>
               <p xmlns="http://www.w3.org/1999/xhtml" class="shortdesc">You can use some fields to look up information or enter information directly in the field.    </p>
            </shortdesc>
            <topicmeta>
               <resourceid oxy-source="topic" class="- topic/resourceid " ux-source-priority="topic-and-map"></resourceid>
               <navtitle class="- topic/navtitle ">Switch a field from lookup to text</navtitle><?ditaot gentext?>
               <linktext class="- map/linktext ">Switch a field from lookup to text</linktext><?ditaot genshortdesc?>
               <shortdesc class="- map/shortdesc ">You can use some fields to look up information or enter information directly in the field.    </shortdesc>
            </topicmeta>
         </topic>
      </topic>
      <topic href="javascript:void(0)" wh-toc-id="tocId-d51e137">
         <title>Getting help</title>
         <topicmeta>
            <navtitle class="- topic/navtitle ">Getting help</navtitle>
         </topicmeta>
         <topic href="subjects/Help/help_overview.html" data-id="GUID-7D83C5D9-DD2E-4948-A26F-3474B4FB81E7" wh-toc-id="GUID-7D83C5D9-DD2E-4948-A26F-3474B4FB81E7-d51e141">
            <title>Help overview</title>
            <shortdesc>
               <p xmlns="http://www.w3.org/1999/xhtml" class="shortdesc">There are two types of help in the application: Online Help and Embedded Help.    </p>
            </shortdesc>
            <topicmeta>
               <resourceid oxy-source="topic" class="- topic/resourceid " ux-source-priority="topic-and-map"></resourceid>
               <navtitle class="- topic/navtitle ">Help overview</navtitle><?ditaot gentext?>
               <linktext class="- map/linktext ">Help overview</linktext><?ditaot genshortdesc?>
               <shortdesc class="- map/shortdesc ">There are two types of help in the application: Online Help and Embedded Help.    </shortdesc>
            </topicmeta>
         </topic>
      </topic>
   </topic>
   <topic href="javascript:void(0)" wh-toc-id="tocId-d51e153">
      <title>Rule Manager</title>
      <topicmeta>
         <navtitle class="- topic/navtitle ">Rule Manager</navtitle>
      </topicmeta>
      <topic href="subjects/Rule_Manager/concepts/rule_manager_overview.html" format="dita" data-id="GUID-FB0902FD-1D7F-4E77-AEAB-2AE30FF89927" wh-toc-id="GUID-FB0902FD-1D7F-4E77-AEAB-2AE30FF89927-d51e157">
         <title>Rule Manager overview</title>
         <topicmeta>
            <resourceid oxy-source="topic" class="- topic/resourceid " ux-source-priority="topic-and-map"></resourceid>
            <navtitle class="- topic/navtitle ">Rule Manager overview</navtitle><?ditaot gentext?>
            <linktext class="- map/linktext ">Rule Manager overview</linktext>
         </topicmeta>
      </topic>
      <topic href="subjects/Rule_Manager/concepts/about_rules.html" format="dita" data-id="GUID-D7D8238D-251A-4F4A-B886-AFB39EA2CA60" wh-toc-id="GUID-D7D8238D-251A-4F4A-B886-AFB39EA2CA60-d51e165">
         <title>About Rules</title>
         <topicmeta>
            <resourceid oxy-source="topic" class="- topic/resourceid " ux-source-priority="topic-and-map"></resourceid>
            <navtitle class="- topic/navtitle ">About Rules</navtitle><?ditaot gentext?>
            <linktext class="- map/linktext ">About rules</linktext>
         </topicmeta>
         <topic href="subjects/Rule_Manager/concepts/rule_fields.html" format="dita" data-id="GUID-2627791A-0913-467B-ACD2-985905641CA9" wh-toc-id="GUID-2627791A-0913-467B-ACD2-985905641CA9-d51e173">
            <title>Rule fields</title>
            <shortdesc>
               <p xmlns="http://www.w3.org/1999/xhtml" class="shortdesc">The following fields can be defined for every rule.    </p>
            </shortdesc>
            <topicmeta>
               <resourceid oxy-source="topic" class="- topic/resourceid " ux-source-priority="topic-and-map"></resourceid>
               <navtitle class="- topic/navtitle ">Rule fields</navtitle><?ditaot gentext?>
               <linktext class="- map/linktext ">Rule fields</linktext><?ditaot genshortdesc?>
               <shortdesc class="- map/shortdesc ">The following fields can be defined for every rule.    </shortdesc>
            </topicmeta>
         </topic>
         <topic href="subjects/Rule_Manager/tasks/create_a_rule.html" format="dita" data-id="GUID-339BAF0D-89DE-416C-8666-2A2A5025ED06" wh-toc-id="GUID-339BAF0D-89DE-416C-8666-2A2A5025ED06-d51e184">
            <title>Create a rule</title>
            <topicmeta>
               <resourceid oxy-source="topic" ux-source-priority="topic-and-map" class="- topic/resourceid "></resourceid>
               <navtitle class="- topic/navtitle ">Create a rule</navtitle><?ditaot gentext?>
               <linktext class="- map/linktext ">Create a rule</linktext>
            </topicmeta>
         </topic>
         <topic href="subjects/Rule_Manager/tasks/search_for_a_rule.html" format="dita" data-id="GUID-215BE8AF-D960-4101-B7EF-3D8FA06D84CD" wh-toc-id="GUID-215BE8AF-D960-4101-B7EF-3D8FA06D84CD-d51e192">
            <title>Search for a rule</title>
            <shortdesc>
               <p xmlns="http://www.w3.org/1999/xhtml" class="shortdesc">Perform a search to find one or more rules whose history you want to view, or rules that you want to clone, view, edit, delete,
                  enable, or disable.    
               </p>
            </shortdesc>
            <topicmeta>
               <resourceid oxy-source="topic" class="- topic/resourceid " ux-source-priority="topic-and-map"></resourceid>
               <navtitle class="- topic/navtitle ">Search for a rule</navtitle><?ditaot gentext?>
               <linktext class="- map/linktext ">Search for a rule</linktext><?ditaot genshortdesc?>
               <shortdesc class="- map/shortdesc ">Perform a search to find one or more rules whose history you want to view, or rules that you want to clone, view, edit, delete,
                  enable, or disable.    
               </shortdesc>
            </topicmeta>
         </topic>
         <topic href="subjects/Rule_Manager/tasks/enable_or_disable_a_rule.html" format="dita" data-id="GUID-EA2270E0-19BF-46C3-976B-46D95C6327E9" wh-toc-id="GUID-EA2270E0-19BF-46C3-976B-46D95C6327E9-d51e203">
            <title>Enable a rule</title>
            <shortdesc>
               <p xmlns="http://www.w3.org/1999/xhtml" class="shortdesc"></p>
            </shortdesc>
            <topicmeta>
               <resourceid oxy-source="topic" class="- topic/resourceid " ux-source-priority="topic-and-map"></resourceid>
               <navtitle class="- topic/navtitle ">Enable a rule</navtitle><?ditaot gentext?>
               <linktext class="- map/linktext ">Enable or disable a rule</linktext><?ditaot genshortdesc?>
               <shortdesc class="- map/shortdesc "></shortdesc>
            </topicmeta>
         </topic>
         <topic href="subjects/Rule_Manager/tasks/edit_a_rule.html" format="dita" data-id="GUID-845BF170-A9FD-4926-BA47-7170D3E716C5" wh-toc-id="GUID-845BF170-A9FD-4926-BA47-7170D3E716C5-d51e213">
            <title>Edit a rule</title>
            <shortdesc>
               <p xmlns="http://www.w3.org/1999/xhtml" class="shortdesc">Updating your rules can help you adapt to changing patterns of fraudulent activity.  </p>
            </shortdesc>
            <topicmeta>
               <resourceid oxy-source="topic" class="- topic/resourceid " ux-source-priority="topic-and-map"></resourceid>
               <navtitle class="- topic/navtitle ">Edit a rule</navtitle><?ditaot gentext?>
               <linktext class="- map/linktext ">Edit a rule</linktext><?ditaot genshortdesc?>
               <shortdesc class="- map/shortdesc ">Updating your rules can help you adapt to changing patterns of fraudulent activity.  </shortdesc>
            </topicmeta>
         </topic>
         <topic href="subjects/Rule_Manager/tasks/delete_a_rule.html" format="dita" data-id="GUID-4C9A14A1-8FF6-4DC8-ADBC-B581AD87EF7E" wh-toc-id="GUID-4C9A14A1-8FF6-4DC8-ADBC-B581AD87EF7E-d51e224">
            <title>Delete a rule</title>
            <shortdesc>
               <p xmlns="http://www.w3.org/1999/xhtml" class="shortdesc">     Delete     a     rule to keep your system clean.        </p>
            </shortdesc>
            <topicmeta>
               <resourceid oxy-source="topic" ux-source-priority="topic-and-map" class="- topic/resourceid "></resourceid>
               <navtitle class="- topic/navtitle ">Delete a rule</navtitle><?ditaot gentext?>
               <linktext class="- map/linktext ">Delete a rule</linktext><?ditaot genshortdesc?>
               <shortdesc class="- map/shortdesc ">     <?oxy_delete author="nboyko" timestamp="20190712T143030-0700" content="If you no longer have use for a rule, such as a rule that was set up for a promotion, you might want to d"?><?oxy_insert_start author="nboyko" timestamp="20190712T143030-0700"?>D<?oxy_insert_end?>elete     <?oxy_delete author="nboyko" timestamp="20190712T143033-0700" content="the"?><?oxy_insert_start author="nboyko" timestamp="20190712T143033-0700"?>a<?oxy_insert_end?>     rule to keep your system clean.     <?oxy_delete author="tenglish-sweeney" timestamp="20190710T183502-0400" content="&lt;draft-comment&gt;Checklist verified August 2017 &lt;/draft-comment&gt;"?>   </shortdesc>
            </topicmeta>
         </topic>
         <topic href="subjects/Rule_Manager/tasks/see_where_a_rule_is_used.html" format="dita" data-id="GUID-1557836C-986E-462D-9C48-2E4725841223" wh-toc-id="GUID-1557836C-986E-462D-9C48-2E4725841223-d51e247">
            <title>See where a rule is used</title>
            <shortdesc>
               <p xmlns="http://www.w3.org/1999/xhtml" class="shortdesc">View a rule so that you can see where it is used.    </p>
            </shortdesc>
            <topicmeta>
               <resourceid oxy-source="topic" class="- topic/resourceid " ux-source-priority="topic-and-map"></resourceid>
               <navtitle class="- topic/navtitle ">See where a rule is used</navtitle><?ditaot gentext?>
               <linktext class="- map/linktext ">See where a rule is used</linktext><?ditaot genshortdesc?>
               <shortdesc class="- map/shortdesc ">View a rule so that you can see where it is used.    </shortdesc>
            </topicmeta>
         </topic>
         <topic href="subjects/Rule_Manager/tasks/view_the_history_of_a_rule.html" format="dita" data-id="GUID-58094EAA-6980-4057-8A15-7F59EA92FB34" wh-toc-id="GUID-58094EAA-6980-4057-8A15-7F59EA92FB34-d51e258">
            <title>View the history for a rule</title>
            <shortdesc>
               <p xmlns="http://www.w3.org/1999/xhtml" class="shortdesc">You can find out who created or updated a rule, when, what fields were modified, and the current version of the rule.  	 
                  
               </p>
            </shortdesc>
            <topicmeta>
               <resourceid oxy-source="topic" class="- topic/resourceid " ux-source-priority="topic-and-map"></resourceid>
               <navtitle class="- topic/navtitle ">View the history for a rule</navtitle><?ditaot gentext?>
               <linktext class="- map/linktext ">View the history of a rule</linktext><?ditaot genshortdesc?>
               <shortdesc class="- map/shortdesc ">You can find out who created or updated a rule, when, what fields were modified, and the current version of the rule.  	 
                  
               </shortdesc>
            </topicmeta>
         </topic>
         <topic href="subjects/Rule_Manager/concepts/about_the_rule_templates.html" format="dita" data-id="GUID-870CF059-E79E-4145-8D5D-E529AD09D3D9" wh-toc-id="GUID-870CF059-E79E-4145-8D5D-E529AD09D3D9-d51e269">
            <title>About rule templates</title>
            <topicmeta>
               <resourceid oxy-source="topic" ux-source-priority="topic-and-map" class="- topic/resourceid "></resourceid>
               <navtitle class="- topic/navtitle ">About rule templates</navtitle><?ditaot gentext?>
               <linktext class="- map/linktext ">About rule templates</linktext>
            </topicmeta>
            <topic href="subjects/Rule_Manager/tasks/newTask.html" format="dita" data-id="xd_f6a2e05c44d990d5--3b8d66c3-16967be99f6--7f9d" wh-toc-id="xd_f6a2e05c44d990d5--3b8d66c3-16967be99f6--7f9d-d51e277">
               <title>Edit and use rule template</title>
               <topicmeta>
                  <resourceid class="- topic/resourceid " oxy-source="topic" appid="xd_f6a2e05c44d990d5--3b8d66c3-16967be99f6--7f9d"></resourceid>
                  <navtitle class="- topic/navtitle ">Edit and use rule template</navtitle><?ditaot gentext?>
                  <linktext class="- map/linktext ">Edit and use rule template</linktext>
               </topicmeta>
            </topic>
            <topic href="subjects/Rule_Manager/tasks/use_exact_rule_template.html" format="dita" data-id="GUID-344A4F58-3294-42C0-B412-9A8EB7436383" wh-toc-id="GUID-344A4F58-3294-42C0-B412-9A8EB7436383-d51e285">
               <title>Use rule template as is</title>
               <topicmeta>
                  <resourceid oxy-source="topic" ux-source-priority="topic-and-map" class="- topic/resourceid "></resourceid>
                  <navtitle class="- topic/navtitle ">Use rule template as is</navtitle><?ditaot gentext?>
                  <linktext class="- map/linktext ">Use rule template as is</linktext>
               </topicmeta>
            </topic>
         </topic>
         <topic href="subjects/Rule_Manager/concepts/rules_to_edit_overview.html" format="dita" data-id="xd_1ff836afd2a5667a-167d1247-16ba7e35813--7fc7" wh-toc-id="xd_1ff836afd2a5667a-167d1247-16ba7e35813--7fc7-d51e293">
            <title>Rules to Edit overview</title>
            <topicmeta>
               <resourceid oxy-source="topic" appid="XXXX" ux-source-priority="topic-and-map" class="- topic/resourceid "></resourceid>
               <navtitle class="- topic/navtitle ">Rules to Edit overview</navtitle><?ditaot gentext?>
               <linktext class="- map/linktext ">Rules to Edit overview</linktext>
            </topicmeta>
         </topic>
         <topic href="subjects/Rule_Manager/concepts/rules_to_deploy_overview.html" format="dita" data-id="xd_1ff836afd2a5667a-167d1247-16ba7e35813--7fc6" wh-toc-id="xd_1ff836afd2a5667a-167d1247-16ba7e35813--7fc6-d51e302">
            <title>Rules to Deploy overview</title>
            <topicmeta>
               <resourceid oxy-source="topic" appid="XXXX" ux-source-priority="topic-and-map" class="- topic/resourceid "></resourceid>
               <navtitle class="- topic/navtitle ">Rules to Deploy overview</navtitle><?ditaot gentext?>
               <linktext class="- map/linktext ">Rules to Deploy overview</linktext>
            </topicmeta>
         </topic>
      </topic>
      <topic href="subjects/Rule_Manager/concepts/about_results.html" format="dita" data-id="GUID-B0E26EAA-E9A4-4508-BFDE-9B240DFB8D04" wh-toc-id="GUID-B0E26EAA-E9A4-4508-BFDE-9B240DFB8D04-d51e310">
         <title>About Results</title>
         <topicmeta>
            <resourceid oxy-source="topic" class="- topic/resourceid " ux-source-priority="topic-and-map"></resourceid>
            <navtitle class="- topic/navtitle ">About Results</navtitle><?ditaot gentext?>
            <linktext class="- map/linktext ">About results</linktext>
         </topicmeta>
         <topic href="subjects/Rule_Manager/concepts/result_fields.html" format="dita" data-id="GUID-27426023-ED86-4657-92E9-96311BCDFF11" wh-toc-id="GUID-27426023-ED86-4657-92E9-96311BCDFF11-d51e318">
            <title>Result fields</title>
            <shortdesc>
               <p xmlns="http://www.w3.org/1999/xhtml" class="shortdesc">The following fields can be defined for every result.    </p>
            </shortdesc>
            <topicmeta>
               <resourceid oxy-source="topic" class="- topic/resourceid " ux-source-priority="topic-and-map"></resourceid>
               <navtitle class="- topic/navtitle ">Result fields</navtitle><?ditaot gentext?>
               <linktext class="- map/linktext ">Result fields</linktext><?ditaot genshortdesc?>
               <shortdesc class="- map/shortdesc ">The following fields can be defined for every result.    </shortdesc>
            </topicmeta>
         </topic>
         <topic href="subjects/Rule_Manager/tasks/create_a_result.html" format="dita" data-id="GUID-1296F43F-273C-4C0C-8990-C9781EC6E416" wh-toc-id="GUID-1296F43F-273C-4C0C-8990-C9781EC6E416-d51e329">
            <title>Create a result</title>
            <shortdesc>
               <p xmlns="http://www.w3.org/1999/xhtml" class="shortdesc"> Create a result to set final recommendations.    </p>
            </shortdesc>
            <topicmeta>
               <resourceid oxy-source="topic" class="- topic/resourceid " ux-source-priority="topic-and-map"></resourceid>
               <navtitle class="- topic/navtitle ">Create a result</navtitle><?ditaot gentext?>
               <linktext class="- map/linktext ">Create a result</linktext><?ditaot genshortdesc?>
               <shortdesc class="- map/shortdesc "> Create a result to set final recommendations.    </shortdesc>
            </topicmeta>
         </topic>
      </topic>
      <topic href="subjects/Rule_Manager/concepts/about_action_sets.html" format="dita" data-id="GUID-5846FC4D-0744-4F81-9951-98171F94522D" wh-toc-id="GUID-5846FC4D-0744-4F81-9951-98171F94522D-d51e340">
         <title>Actions</title>
         <topicmeta>
            <resourceid oxy-source="topic" class="- topic/resourceid " ux-source-priority="topic-and-map"></resourceid>
            <navtitle class="- topic/navtitle ">Actions</navtitle><?ditaot gentext?>
            <linktext class="- map/linktext ">About action sets</linktext>
         </topicmeta>
         <topic href="subjects/Rule_Manager/concepts/action_set_fields.html" format="dita" data-id="GUID-AA5274CE-002F-4A88-98FD-5E6458CC3991" wh-toc-id="GUID-AA5274CE-002F-4A88-98FD-5E6458CC3991-d51e348">
            <title>Action Set fields </title>
            <shortdesc>
               <p xmlns="http://www.w3.org/1999/xhtml" class="shortdesc">The following fields can be defined for every action set.    </p>
            </shortdesc>
            <topicmeta>
               <resourceid oxy-source="topic" class="- topic/resourceid " ux-source-priority="topic-and-map"></resourceid>
               <navtitle class="- topic/navtitle ">Action Set fields </navtitle><?ditaot gentext?>
               <linktext class="- map/linktext ">Action set fields</linktext><?ditaot genshortdesc?>
               <shortdesc class="- map/shortdesc ">The following fields can be defined for every action set.    </shortdesc>
            </topicmeta>
         </topic>
         <topic href="subjects/Rule_Manager/tasks/create_an_action_set.html" format="dita" data-id="GUID-AAE688E0-3E93-4025-9AD5-F31E47E8A3F7" wh-toc-id="GUID-AAE688E0-3E93-4025-9AD5-F31E47E8A3F7-d51e359">
            <title>Create an action set</title>
            <shortdesc>
               <p xmlns="http://www.w3.org/1999/xhtml" class="shortdesc"> An action set groups rules based on common conditions, which leads to better organization and rule performance.    </p>
            </shortdesc>
            <topicmeta>
               <resourceid oxy-source="topic" class="- topic/resourceid " ux-source-priority="topic-and-map"></resourceid>
               <navtitle class="- topic/navtitle ">Create an action set</navtitle><?ditaot gentext?>
               <linktext class="- map/linktext ">Create an action set</linktext><?ditaot genshortdesc?>
               <shortdesc class="- map/shortdesc "> An action set groups rules based on common conditions, which leads to better organization and rule performance.    </shortdesc>
            </topicmeta>
         </topic>
      </topic>
   </topic>
   <topic href="javascript:void(0)" wh-toc-id="tocId-d51e371">
      <title>Feature Manager</title>
      <topicmeta>
         <navtitle class="- topic/navtitle ">Feature Manager</navtitle>
      </topicmeta>
      <topic href="subjects/Feature_Manager/concepts/feature_manager_overview.html" format="dita" data-id="GUID-60D71C12-7A44-4D5A-82F5-C819635EB667" wh-toc-id="GUID-60D71C12-7A44-4D5A-82F5-C819635EB667-d51e375">
         <title>Feature Manager overview</title>
         <topicmeta>
            <resourceid oxy-source="topic" class="- topic/resourceid " ux-source-priority="topic-and-map"></resourceid>
            <navtitle class="- topic/navtitle ">Feature Manager overview</navtitle><?ditaot gentext?>
            <linktext class="- map/linktext ">Feature Manager overview</linktext>
         </topicmeta>
      </topic>
      <topic href="subjects/Feature_Manager/concepts/feature_fields.html" format="dita" data-id="GUID-0D8D8309-CC40-4DE1-9EF0-6DF48B4DACD2" wh-toc-id="GUID-0D8D8309-CC40-4DE1-9EF0-6DF48B4DACD2-d51e383">
         <title>Feature Manager fields</title>
         <topicmeta>
            <resourceid oxy-source="topic" class="- topic/resourceid " ux-source-priority="topic-and-map"></resourceid>
            <navtitle class="- topic/navtitle ">Feature Manager fields</navtitle><?ditaot gentext?>
            <linktext class="- map/linktext ">Feature fields</linktext>
         </topicmeta>
      </topic>
      <topic href="subjects/Feature_Manager/tasks/create_a_complex_feature_2.html" data-id="GUID-EF45ED9B-5C08-4562-9DEB-4C37A6639281" wh-toc-id="GUID-EF45ED9B-5C08-4562-9DEB-4C37A6639281-d51e391">
         <title>Create a complex feature</title>
         <topicmeta>
            <resourceid oxy-source="topic" class="- topic/resourceid " ux-source-priority="topic-and-map"></resourceid>
            <navtitle class="- topic/navtitle ">Create a complex feature</navtitle><?ditaot gentext?>
            <linktext class="- map/linktext ">Create a complex feature</linktext>
         </topicmeta>
      </topic>
      <topic href="subjects/Feature_Manager/tasks/create_a_dimensional_feature_.html" format="dita" data-id="GUID-3B3C235D-C1BB-4BDC-A6F9-3CE9F809C882" wh-toc-id="GUID-3B3C235D-C1BB-4BDC-A6F9-3CE9F809C882-d51e399">
         <title>Create a dimensional feature</title>
         <topicmeta>
            <resourceid oxy-source="topic" class="- topic/resourceid " ux-source-priority="topic-and-map"></resourceid>
            <navtitle class="- topic/navtitle ">Create a dimensional feature</navtitle><?ditaot gentext?>
            <linktext class="- map/linktext ">Create a dimensional feature</linktext>
         </topicmeta>
         <topic href="subjects/Feature_Manager/concepts/dimensional_feature_operators_.html" format="dita" data-id="GUID-D659A89A-C87F-4CF8-9203-7EB9FCACAF1E" wh-toc-id="GUID-D659A89A-C87F-4CF8-9203-7EB9FCACAF1E-d51e407">
            <title>Dimensional feature operators</title>
            <shortdesc>
               <p xmlns="http://www.w3.org/1999/xhtml" class="shortdesc">The following operators are available when creating a dimensional feature.    </p>
            </shortdesc>
            <topicmeta>
               <resourceid oxy-source="topic" class="- topic/resourceid " ux-source-priority="topic-and-map"></resourceid>
               <navtitle class="- topic/navtitle ">Dimensional feature operators</navtitle><?ditaot gentext?>
               <linktext class="- map/linktext ">Dimensional feature operators</linktext><?ditaot genshortdesc?>
               <shortdesc class="- map/shortdesc ">The following operators are available when creating a dimensional feature.    </shortdesc>
            </topicmeta>
         </topic>
      </topic>
      <topic href="subjects/Feature_Manager/concepts/exclude_fraudulent_data_scenarios.html" format="dita" data-id="GUID-3C5B6884-B280-463D-B40D-040CCBB984B5" wh-toc-id="GUID-3C5B6884-B280-463D-B40D-040CCBB984B5-d51e418">
         <title>Create positive profiles</title>
         <topicmeta>
            <resourceid oxy-source="topic" class="- topic/resourceid " ux-source-priority="topic-and-map"></resourceid>
            <navtitle class="- topic/navtitle ">Create positive profiles</navtitle><?ditaot gentext?>
            <linktext class="- map/linktext ">Create positive profiles</linktext>
         </topicmeta>
      </topic>
      <topic href="subjects/Feature_Manager/concepts/when_to_include_the_current_transaction_in_a_calcu.html" format="dita" data-id="GUID-6B79E79E-76C4-4DF1-8222-766640EF150C" wh-toc-id="GUID-6B79E79E-76C4-4DF1-8222-766640EF150C-d51e426">
         <title>When to include current transaction in calculation</title>
         <topicmeta>
            <resourceid oxy-source="topic" class="- topic/resourceid " ux-source-priority="topic-and-map"></resourceid>
            <navtitle class="- topic/navtitle ">When to include current transaction in calculation</navtitle><?ditaot gentext?>
            <linktext class="- map/linktext ">When to include the current transaction in a calculation</linktext>
         </topicmeta>
      </topic>
      <topic href="subjects/Feature_Manager/tasks/search_for_a_feature.html" format="dita" data-id="GUID-85184341-A305-4B3A-BBFD-78FABA55F3F0" wh-toc-id="GUID-85184341-A305-4B3A-BBFD-78FABA55F3F0-d51e434">
         <title>Search for a feature</title>
         <topicmeta>
            <resourceid oxy-source="topic" class="- topic/resourceid " ux-source-priority="topic-and-map"></resourceid>
            <navtitle class="- topic/navtitle ">Search for a feature</navtitle><?ditaot gentext?>
            <linktext class="- map/linktext ">Search for a feature</linktext>
         </topicmeta>
      </topic>
      <topic href="subjects/Feature_Manager/tasks/clone_a_feature_.html" format="dita" data-id="GUID-0C3F6AE4-387E-4657-B44C-BED5CF029AAF" wh-toc-id="GUID-0C3F6AE4-387E-4657-B44C-BED5CF029AAF-d51e442">
         <title>Clone a feature</title>
         <topicmeta>
            <resourceid oxy-source="topic" class="- topic/resourceid " ux-source-priority="topic-and-map"></resourceid>
            <navtitle class="- topic/navtitle ">Clone a feature</navtitle><?ditaot gentext?>
            <linktext class="- map/linktext ">Clone a feature</linktext>
         </topicmeta>
      </topic>
      <topic href="subjects/Feature_Manager/tasks/see_where_a_feature_is_used.html" format="dita" data-id="GUID-CAAE3FEE-1091-4909-9C76-3B7FA68A34F6" wh-toc-id="GUID-CAAE3FEE-1091-4909-9C76-3B7FA68A34F6-d51e450">
         <title>See where a feature is used</title>
         <topicmeta>
            <resourceid oxy-source="topic" class="- topic/resourceid " ux-source-priority="topic-and-map"></resourceid>
            <navtitle class="- topic/navtitle ">See where a feature is used</navtitle><?ditaot gentext?>
            <linktext class="- map/linktext ">See where a feature is used</linktext>
         </topicmeta>
      </topic>
      <topic href="subjects/Feature_Manager/tasks/view_the_history_of_a_feature.html" format="dita" data-id="GUID-3D882BA2-4B1D-4055-95ED-3B37C38DB526" wh-toc-id="GUID-3D882BA2-4B1D-4055-95ED-3B37C38DB526-d51e458">
         <title>View the history of a feature</title>
         <topicmeta>
            <resourceid oxy-source="topic" class="- topic/resourceid " ux-source-priority="topic-and-map"></resourceid>
            <navtitle class="- topic/navtitle ">View the history of a feature</navtitle><?ditaot gentext?>
            <linktext class="- map/linktext ">View the history of a feature</linktext>
         </topicmeta>
      </topic>
   </topic>
   <topic href="javascript:void(0)" wh-toc-id="tocId-d51e467">
      <title>List Manager</title>
      <topicmeta>
         <navtitle class="- topic/navtitle ">List Manager</navtitle>
      </topicmeta>
      <topic href="subjects/List_Manager/concepts/list_manager_overview.html" format="dita" data-id="GUID-4BA79563-5F31-444C-9347-DE4A37B81D83" wh-toc-id="GUID-4BA79563-5F31-444C-9347-DE4A37B81D83-d51e471">
         <title>List Manager overview</title>
         <topicmeta>
            <resourceid oxy-source="topic" class="- topic/resourceid " ux-source-priority="topic-and-map"></resourceid>
            <navtitle class="- topic/navtitle ">List Manager overview</navtitle><?ditaot gentext?>
            <linktext class="- map/linktext ">List Manager overview</linktext>
         </topicmeta>
      </topic>
      <topic href="subjects/List_Manager/concepts/list_manager_fields.html" format="dita" data-id="GUID-115A1BF3-AF3B-47AA-9760-98E0908524B7" wh-toc-id="GUID-115A1BF3-AF3B-47AA-9760-98E0908524B7-d51e479">
         <title>List Manager fields</title>
         <topicmeta>
            <resourceid oxy-source="topic" class="- topic/resourceid " ux-source-priority="topic-and-map"></resourceid>
            <navtitle class="- topic/navtitle ">List Manager fields</navtitle><?ditaot gentext?>
            <linktext class="- map/linktext ">List Manager fields</linktext>
         </topicmeta>
      </topic>
      <topic href="subjects/List_Manager/tasks/search_for_a_list2.html" format="dita" data-id="GUID-E52DDBA4-EB37-479F-846E-B7AC27386946" wh-toc-id="GUID-E52DDBA4-EB37-479F-846E-B7AC27386946-d51e487">
         <title>Search for a list</title>
         <topicmeta>
            <resourceid oxy-source="topic" class="- topic/resourceid " ux-source-priority="topic-and-map"></resourceid>
            <navtitle class="- topic/navtitle ">Search for a list</navtitle><?ditaot gentext?>
            <linktext class="- map/linktext ">Search for a list</linktext>
         </topicmeta>
      </topic>
      <topic href="subjects/List_Manager/tasks/search_for_a_value_in_a_list.html" format="dita" data-id="GUID-626CD753-3EF9-480F-8CA4-ECB37C45F71B" wh-toc-id="GUID-626CD753-3EF9-480F-8CA4-ECB37C45F71B-d51e495">
         <title>Search for a value in a list</title>
         <topicmeta>
            <resourceid oxy-source="topic" class="- topic/resourceid " ux-source-priority="topic-and-map"></resourceid>
            <navtitle class="- topic/navtitle ">Search for a value in a list</navtitle><?ditaot gentext?>
            <linktext class="- map/linktext ">Search for a value in a list</linktext>
         </topicmeta>
      </topic>
      <topic href="subjects/List_Manager/tasks/create_a_list.html" format="dita" data-id="GUID-28D09BC4-9409-4F9A-9659-54A2B60BD54B" wh-toc-id="GUID-28D09BC4-9409-4F9A-9659-54A2B60BD54B-d51e503">
         <title>Create a list</title>
         <topicmeta>
            <resourceid oxy-source="topic" class="- topic/resourceid " ux-source-priority="topic-and-map"></resourceid>
            <navtitle class="- topic/navtitle ">Create a list</navtitle><?ditaot gentext?>
            <linktext class="- map/linktext ">Create a list</linktext>
         </topicmeta>
      </topic>
      <topic href="subjects/List_Manager/tasks/add_a_value_to_a_list2.html" format="dita" data-id="GUID-DFFCAB5C-D091-4C25-82A9-90F821759BCB" wh-toc-id="GUID-DFFCAB5C-D091-4C25-82A9-90F821759BCB-d51e511">
         <title>Add values to a list </title>
         <topicmeta>
            <resourceid oxy-source="topic" class="- topic/resourceid " ux-source-priority="topic-and-map"></resourceid>
            <navtitle class="- topic/navtitle ">Add values to a list </navtitle><?ditaot gentext?>
            <linktext class="- map/linktext ">Add a value to a list</linktext>
         </topicmeta>
      </topic>
      <topic href="subjects/List_Manager/tasks/update_a_value_in_a_list2.html" format="dita" data-id="GUID-FB34F61B-0F23-45D3-8C7C-EA783B34CC9B" wh-toc-id="GUID-FB34F61B-0F23-45D3-8C7C-EA783B34CC9B-d51e519">
         <title>Update a value in a list </title>
         <topicmeta>
            <resourceid oxy-source="topic" class="- topic/resourceid " ux-source-priority="topic-and-map"></resourceid>
            <navtitle class="- topic/navtitle ">Update a value in a list </navtitle><?ditaot gentext?>
            <linktext class="- map/linktext ">Update a value in a list</linktext>
         </topicmeta>
      </topic>
      <topic href="subjects/List_Manager/tasks/manually_expire_values_in_a_list.html" format="dita" data-id="GUID-D0C82360-9164-4678-B418-029D70D3D877" wh-toc-id="GUID-D0C82360-9164-4678-B418-029D70D3D877-d51e527">
         <title>Manually expire values in a list </title>
         <topicmeta>
            <resourceid oxy-source="topic" class="- topic/resourceid " ux-source-priority="topic-and-map"></resourceid>
            <navtitle class="- topic/navtitle ">Manually expire values in a list </navtitle><?ditaot gentext?>
            <linktext class="- map/linktext ">Manually expire values in a list</linktext>
         </topicmeta>
      </topic>
      <topic href="subjects/List_Manager/tasks/delete_values_from_a_list2.html" format="dita" data-id="GUID-8B75D4F9-1698-44D7-8336-00444EC102C0" wh-toc-id="GUID-8B75D4F9-1698-44D7-8336-00444EC102C0-d51e535">
         <title>Delete values from a list </title>
         <topicmeta>
            <resourceid oxy-source="topic" class="- topic/resourceid " ux-source-priority="topic-and-map"></resourceid>
            <navtitle class="- topic/navtitle ">Delete values from a list </navtitle><?ditaot gentext?>
            <linktext class="- map/linktext ">Delete values from a list</linktext>
         </topicmeta>
      </topic>
      <topic href="subjects/List_Manager/tasks/see_where_a_list_is_used.html" format="dita" data-id="GUID-7D24CA09-BC22-476D-AACE-6CE349CFB1BE" wh-toc-id="GUID-7D24CA09-BC22-476D-AACE-6CE349CFB1BE-d51e543">
         <title>See where a list is used</title>
         <topicmeta>
            <resourceid oxy-source="topic" class="- topic/resourceid " ux-source-priority="topic-and-map"></resourceid>
            <navtitle class="- topic/navtitle ">See where a list is used</navtitle><?ditaot gentext?>
            <linktext class="- map/linktext ">See where a list is used</linktext>
         </topicmeta>
      </topic>
      <topic href="subjects/List_Manager/tasks/view_the_history_of_a_list.html" format="dita" data-id="GUID-1761A013-F5B1-4FBE-BD23-69A79C6A0C5C" wh-toc-id="GUID-1761A013-F5B1-4FBE-BD23-69A79C6A0C5C-d51e552">
         <title>View the history of a list</title>
         <topicmeta>
            <resourceid oxy-source="topic" class="- topic/resourceid " ux-source-priority="topic-and-map"></resourceid>
            <navtitle class="- topic/navtitle ">View the history of a list</navtitle><?ditaot gentext?>
            <linktext class="- map/linktext ">View the history of a list</linktext>
         </topicmeta>
      </topic>
   </topic>
   <topic href="javascript:void(0)" wh-toc-id="tocId-d51e562">
      <title>Click and Block Manager</title>
      <topic href="subjects/Click_and_Block_Manager/concepts/click_and_block_overview.html" data-id="xd_b5f7f9f35c115386-75a52c28-17006a81703--7fe1" wh-toc-id="xd_b5f7f9f35c115386-75a52c28-17006a81703--7fe1-d51e563">
         <title>Click &amp; Block overview</title>
         <topicmeta>
            <resourceid oxy-source="topic" appid="XXXX" ux-source-priority="topic-and-map" class="- topic/resourceid "></resourceid>
            <navtitle class="- topic/navtitle ">Click &amp; Block overview</navtitle><?ditaot gentext?>
            <linktext class="- map/linktext ">Click &amp; Block overview</linktext>
         </topicmeta>
      </topic>
   </topic>
   <topic href="javascript:void(0)" wh-toc-id="tocId-d51e572">
      <title>ReD Shield® Control Center</title>
      <topicmeta>
         <navtitle class="- topic/navtitle ">ReD Shield® Control Center</navtitle>
      </topicmeta>
      <topic href="topics/aci_red_shieldb_id-_guid-b58664da-1718-47e4-ab0b-2.html" data-id="GUID-04DEE24D-779D-4B7A-8ECF-9F35A660127C" wh-toc-id="GUID-04DEE24D-779D-4B7A-8ECF-9F35A660127C-d51e576">
         <title>ReD Shield® Control Center</title>
         <topicmeta>
            <resourceid oxy-source="topic" class="- topic/resourceid " ux-source-priority="topic-and-map"></resourceid>
            <navtitle class="- topic/navtitle ">ReD Shield® Control Center</navtitle><?ditaot gentext?>
            <linktext class="- map/linktext ">ReD Shield® Control Center</linktext>
         </topicmeta>
      </topic>
      <topic href="Other/customize_the_dashboard.html" format="dita" data-id="GUID-8B7DFA5F-5487-44B1-A9EB-BE5FAB55E361" wh-toc-id="GUID-8B7DFA5F-5487-44B1-A9EB-BE5FAB55E361-d51e584">
         <title>Customizing the Dashboard</title>
         <topicmeta>
            <resourceid oxy-source="topic" class="- topic/resourceid " ux-source-priority="topic-and-map"></resourceid>
            <navtitle class="- topic/navtitle ">Customizing the Dashboard</navtitle><?ditaot gentext?>
            <linktext class="- map/linktext ">Customize the Dashboard</linktext>
         </topicmeta>
         <topic href="topics/dashboard_widgets2.html" format="dita" data-id="GUID-1C1C79EB-6C07-4BF8-862F-970B81A2CE5F" wh-toc-id="GUID-1C1C79EB-6C07-4BF8-862F-970B81A2CE5F-d51e592">
            <title>Dashboard widgets</title>
            <topicmeta>
               <resourceid oxy-source="topic" ux-source-priority="topic-and-map" class="- topic/resourceid "></resourceid>
               <navtitle class="- topic/navtitle ">Dashboard widgets</navtitle><?ditaot gentext?>
               <linktext class="- map/linktext ">Dashboard widgets</linktext>
            </topicmeta>
         </topic>
         <topic href="Other/add_a_widget_to_the_dashboard2.html" format="dita" data-id="GUID-E238193D-2033-4B57-96BD-29163B3D6E0C" wh-toc-id="GUID-E238193D-2033-4B57-96BD-29163B3D6E0C-d51e600">
            <title>Add a widget to the Dashboard</title>
            <topicmeta>
               <resourceid oxy-source="topic" class="- topic/resourceid " ux-source-priority="topic-and-map"></resourceid>
               <navtitle class="- topic/navtitle ">Add a widget to the Dashboard</navtitle><?ditaot gentext?>
               <linktext class="- map/linktext ">Add a widget to the Dashboard</linktext>
            </topicmeta>
         </topic>
         <topic href="Other/remove_a_widget_from_the_dashboard.html" format="dita" data-id="GUID-0FF77BB7-0D20-49D5-B4D2-F2854ADDEA0A" wh-toc-id="GUID-0FF77BB7-0D20-49D5-B4D2-F2854ADDEA0A-d51e608">
            <title>Remove a widget from the Dashboard</title>
            <topicmeta>
               <resourceid oxy-source="topic" class="- topic/resourceid " ux-source-priority="topic-and-map"></resourceid>
               <navtitle class="- topic/navtitle ">Remove a widget from the Dashboard</navtitle><?ditaot gentext?>
               <linktext class="- map/linktext ">Remove a widget from the Dashboard</linktext>
            </topicmeta>
         </topic>
         <topic href="topics/move_a_widget.html" format="dita" data-id="GUID-2D90F477-B8E0-43A2-9427-75B2EEEF304F" wh-toc-id="GUID-2D90F477-B8E0-43A2-9427-75B2EEEF304F-d51e616">
            <title>Move a widget</title>
            <topicmeta>
               <resourceid oxy-source="topic" class="- topic/resourceid " ux-source-priority="topic-and-map"></resourceid>
               <navtitle class="- topic/navtitle ">Move a widget</navtitle><?ditaot gentext?>
               <linktext class="- map/linktext ">Move a widget</linktext>
            </topicmeta>
         </topic>
         <topic href="topics/collapse_and_restore_widgets.html" format="dita" data-id="GUID-18030BA0-962F-4B05-85C5-CFFC2AF4675E" wh-toc-id="GUID-18030BA0-962F-4B05-85C5-CFFC2AF4675E-d51e624">
            <title>Collapse and restore widgets</title>
            <topicmeta>
               <resourceid oxy-source="topic" class="- topic/resourceid " ux-source-priority="topic-and-map"></resourceid>
               <navtitle class="- topic/navtitle ">Collapse and restore widgets</navtitle><?ditaot gentext?>
               <linktext class="- map/linktext ">Collapse and restore widgets</linktext>
            </topicmeta>
         </topic>
         <topic href="topics/refresh_widgets.html" format="dita" data-id="GUID-47E039AA-EF15-4AA3-80A3-95D101608B21" wh-toc-id="GUID-47E039AA-EF15-4AA3-80A3-95D101608B21-d51e632">
            <title>Refresh widgets</title>
            <topicmeta>
               <resourceid oxy-source="topic" class="- topic/resourceid " ux-source-priority="topic-and-map"></resourceid>
               <navtitle class="- topic/navtitle ">Refresh widgets</navtitle><?ditaot gentext?>
               <linktext class="- map/linktext ">Refresh widgets</linktext>
            </topicmeta>
         </topic>
         <topic href="topics/select_a_child_organization_.html" format="dita" data-id="GUID-6A04705F-79CE-4D04-B163-B4DA3E15FF66" wh-toc-id="GUID-6A04705F-79CE-4D04-B163-B4DA3E15FF66-d51e640">
            <title>Select a child organization </title>
            <topicmeta>
               <resourceid oxy-source="topic" ux-source-priority="topic-and-map" class="- topic/resourceid "></resourceid>
               <navtitle class="- topic/navtitle ">Select a child organization </navtitle><?ditaot gentext?>
               <linktext class="- map/linktext ">Select a child organization</linktext>
            </topicmeta>
         </topic>
         <topic href="topics/set_a_widgets_date-time_range.html" format="dita" data-id="GUID-0B0C50EB-C26D-415F-A0FA-68C7CBA856D5" wh-toc-id="GUID-0B0C50EB-C26D-415F-A0FA-68C7CBA856D5-d51e648">
            <title>Set a widget’s date/time range</title>
            <topicmeta>
               <resourceid oxy-source="topic" class="- topic/resourceid " ux-source-priority="topic-and-map"></resourceid>
               <navtitle class="- topic/navtitle ">Set a widget’s date/time range</navtitle><?ditaot gentext?>
               <linktext class="- map/linktext ">Set a widget’s date/time range</linktext>
            </topicmeta>
         </topic>
      </topic>
      <topic href="topics/search_transactions.html" format="dita" data-id="GUID-C7B00F7C-5337-45FA-8908-87FC44AC655C" wh-toc-id="GUID-C7B00F7C-5337-45FA-8908-87FC44AC655C-d51e656">
         <title>Searching transactions</title>
         <topicmeta>
            <resourceid oxy-source="topic" class="- topic/resourceid " ux-source-priority="topic-and-map"></resourceid>
            <navtitle class="- topic/navtitle ">Searching transactions</navtitle><?ditaot gentext?>
            <linktext class="- map/linktext ">Search transactions</linktext>
         </topicmeta>
         <topic href="topics/enter_search_criteria.html" format="dita" data-id="GUID-726F48E1-647A-4042-AC5C-18580E20801C" wh-toc-id="GUID-726F48E1-647A-4042-AC5C-18580E20801C-d51e664">
            <title>Enter search criteria</title>
            <topicmeta>
               <resourceid oxy-source="topic" class="- topic/resourceid " ux-source-priority="topic-and-map"></resourceid>
               <navtitle class="- topic/navtitle ">Enter search criteria</navtitle><?ditaot gentext?>
               <linktext class="- map/linktext ">Enter search criteria</linktext>
            </topicmeta>
         </topic>
         <topic href="topics/customize_your_search.html" format="dita" data-id="GUID-CA0BA46A-FC1D-449C-8D26-7B6D0235C220" wh-toc-id="GUID-CA0BA46A-FC1D-449C-8D26-7B6D0235C220-d51e672">
            <title>Customize your search</title>
            <topicmeta>
               <resourceid oxy-source="topic" class="- topic/resourceid " ux-source-priority="topic-and-map"></resourceid>
               <navtitle class="- topic/navtitle ">Customize your search</navtitle><?ditaot gentext?>
               <linktext class="- map/linktext ">Customize your search</linktext>
            </topicmeta>
         </topic>
      </topic>
      <topic href="topics/about_the_search_results.html" data-id="GUID-4C664037-1055-4AF2-9F14-5846E2B84260" wh-toc-id="GUID-4C664037-1055-4AF2-9F14-5846E2B84260-d51e680">
         <title>About the search results</title>
         <topicmeta>
            <resourceid oxy-source="topic" class="- topic/resourceid " ux-source-priority="topic-and-map"></resourceid>
            <navtitle class="- topic/navtitle ">About the search results</navtitle><?ditaot gentext?>
            <linktext class="- map/linktext ">About the search results</linktext>
         </topicmeta>
         <topic href="topics/customize_your_search_results.html" format="dita" data-id="GUID-3BE5E093-BBA0-4E52-A7A2-BC436616980C" wh-toc-id="GUID-3BE5E093-BBA0-4E52-A7A2-BC436616980C-d51e688">
            <title>Customize your search results</title>
            <topicmeta>
               <resourceid oxy-source="topic" class="- topic/resourceid " ux-source-priority="topic-and-map"></resourceid>
               <navtitle class="- topic/navtitle ">Customize your search results</navtitle><?ditaot gentext?>
               <linktext class="- map/linktext ">Customize your search results</linktext>
            </topicmeta>
         </topic>
         <topic href="topics/search_result_columns.html" format="dita" data-id="GUID-F3CC2C78-AF3D-4E30-B86A-14C2929B262A" wh-toc-id="GUID-F3CC2C78-AF3D-4E30-B86A-14C2929B262A-d51e696">
            <title>Search result columns</title>
            <topicmeta>
               <resourceid oxy-source="topic" class="- topic/resourceid " ux-source-priority="topic-and-map"></resourceid>
               <navtitle class="- topic/navtitle ">Search result columns</navtitle><?ditaot gentext?>
               <linktext class="- map/linktext ">Search result columns</linktext>
            </topicmeta>
            <topic href="topics/view_all_columns_for_a_transaction.html" format="dita" data-id="GUID-011D8DDA-CCDB-48FB-8C29-379AE6F0CE23" wh-toc-id="GUID-011D8DDA-CCDB-48FB-8C29-379AE6F0CE23-d51e704">
               <title>View all columns for a transaction</title>
               <topicmeta>
                  <resourceid oxy-source="topic" class="- topic/resourceid " ux-source-priority="topic-and-map"></resourceid>
                  <navtitle class="- topic/navtitle ">View all columns for a transaction</navtitle><?ditaot gentext?>
                  <linktext class="- map/linktext ">View all columns for a transaction</linktext>
               </topicmeta>
            </topic>
            <topic href="topics/modifying_search_result_columns.html" format="dita" data-id="GUID-4B50C731-4726-4297-8857-86B60E6BCF35" wh-toc-id="GUID-4B50C731-4726-4297-8857-86B60E6BCF35-d51e712">
               <title>Modifying search result columns</title>
               <topicmeta>
                  <resourceid oxy-source="topic" class="- topic/resourceid " ux-source-priority="topic-and-map"></resourceid>
                  <navtitle class="- topic/navtitle ">Modifying search result columns</navtitle><?ditaot gentext?>
                  <linktext class="- map/linktext ">Modifying search result columns</linktext>
               </topicmeta>
            </topic>
         </topic>
         <topic href="topics/sort_the_search_results.html" data-id="GUID-21FA8065-6798-40C3-8CCA-9B189083C7EF" wh-toc-id="GUID-21FA8065-6798-40C3-8CCA-9B189083C7EF-d51e720">
            <title>Sort the search results</title>
            <topicmeta>
               <resourceid oxy-source="topic" class="- topic/resourceid " ux-source-priority="topic-and-map"></resourceid>
               <navtitle class="- topic/navtitle ">Sort the search results</navtitle><?ditaot gentext?>
               <linktext class="- map/linktext ">Sort the search results</linktext>
            </topicmeta>
         </topic>
         <topic href="topics/filter_search_results.html" data-id="GUID-94F49672-72F6-49AC-B5BF-ACF6B3CD7ADF" wh-toc-id="GUID-94F49672-72F6-49AC-B5BF-ACF6B3CD7ADF-d51e728">
            <title>Filter search results</title>
            <topicmeta>
               <resourceid oxy-source="topic" class="- topic/resourceid " ux-source-priority="topic-and-map"></resourceid>
               <navtitle class="- topic/navtitle ">Filter search results</navtitle><?ditaot gentext?>
               <linktext class="- map/linktext ">Filter search results</linktext>
            </topicmeta>
         </topic>
         <topic href="topics/view_more_or_fewer_transactions2.html" data-id="GUID-C0458673-A79D-4FE3-BD14-0F12EFDD05A6" wh-toc-id="GUID-C0458673-A79D-4FE3-BD14-0F12EFDD05A6-d51e736">
            <title>View more or fewer transactions</title>
            <topicmeta>
               <resourceid oxy-source="topic" class="- topic/resourceid " ux-source-priority="topic-and-map"></resourceid>
               <navtitle class="- topic/navtitle ">View more or fewer transactions</navtitle><?ditaot gentext?>
               <linktext class="- map/linktext ">View more or fewer transactions</linktext>
            </topicmeta>
         </topic>
         <topic href="topics/access_visual_fraud_analysis_tool.html" format="dita" data-id="GUID-D17DE589-E94C-401C-8595-796C6825EA54" wh-toc-id="GUID-D17DE589-E94C-401C-8595-796C6825EA54-d51e744">
            <title>Access Visual Fraud Analysis tool</title>
            <topicmeta>
               <resourceid oxy-source="topic" class="- topic/resourceid " ux-source-priority="topic-and-map"></resourceid>
               <navtitle class="- topic/navtitle ">Access Visual Fraud Analysis tool</navtitle><?ditaot gentext?>
               <linktext class="- map/linktext ">Access Visual Fraud Analysis tool</linktext>
            </topicmeta>
         </topic>
         <topic href="Other/access_transaction_details2.html" data-id="GUID-9092381D-0203-4AF3-A5CC-0179F78F8FF2" wh-toc-id="GUID-9092381D-0203-4AF3-A5CC-0179F78F8FF2-d51e752">
            <title>Access transaction details</title>
            <topicmeta>
               <resourceid oxy-source="topic" class="- topic/resourceid " ux-source-priority="topic-and-map"></resourceid>
               <navtitle class="- topic/navtitle ">Access transaction details</navtitle><?ditaot gentext?>
               <linktext class="- map/linktext ">Access transaction details</linktext>
            </topicmeta>
         </topic>
      </topic>
      <topic href="topics/review_transactions.html" format="dita" data-id="GUID-A97EC6FE-AB5B-4F70-ACCA-304EA883BB3B" wh-toc-id="GUID-A97EC6FE-AB5B-4F70-ACCA-304EA883BB3B-d51e760">
         <title>Reviewing transactions</title>
         <topicmeta>
            <resourceid oxy-source="topic" class="- topic/resourceid " ux-source-priority="topic-and-map"></resourceid>
            <navtitle class="- topic/navtitle ">Reviewing transactions</navtitle><?ditaot gentext?>
            <linktext class="- map/linktext ">Review transactions</linktext>
         </topicmeta>
         <topic href="Other/review_transaction_details.html" format="dita" data-id="GUID-BDA22EE5-974E-4276-8D6B-B7EA62A781D7" wh-toc-id="GUID-BDA22EE5-974E-4276-8D6B-B7EA62A781D7-d51e768">
            <title>Review transaction details</title>
            <topicmeta>
               <resourceid oxy-source="topic" class="- topic/resourceid " ux-source-priority="topic-and-map"></resourceid>
               <navtitle class="- topic/navtitle ">Review transaction details</navtitle><?ditaot gentext?>
               <linktext class="- map/linktext ">Review transaction details</linktext>
            </topicmeta>
         </topic>
         <topic href="topics/about_rule_categories.html" format="dita" data-id="GUID-A9A50BD0-C392-4186-858C-E43A5B51F2E2" wh-toc-id="GUID-A9A50BD0-C392-4186-858C-E43A5B51F2E2-d51e776">
            <title>About rule categories</title>
            <topicmeta>
               <resourceid oxy-source="topic" class="- topic/resourceid " ux-source-priority="topic-and-map"></resourceid>
               <navtitle class="- topic/navtitle ">About rule categories</navtitle><?ditaot gentext?>
               <linktext class="- map/linktext ">About rule categories</linktext>
            </topicmeta>
            <topic href="topics/_view_details_about_the_recommendations_returned.html" format="dita" data-id="GUID-8E0129E6-DA65-4F63-9A7F-16CF3E5874FE" wh-toc-id="GUID-8E0129E6-DA65-4F63-9A7F-16CF3E5874FE-d51e784">
               <title>View details about the recommendations returned</title>
               <topicmeta>
                  <resourceid oxy-source="topic" class="- topic/resourceid " ux-source-priority="topic-and-map"></resourceid>
                  <navtitle class="- topic/navtitle ">View details about the recommendations returned</navtitle><?ditaot gentext?>
                  <linktext class="- map/linktext ">View details about the recommendations returned</linktext>
               </topicmeta>
            </topic>
         </topic>
         <topic href="topics/field_descriptions2.html" format="dita" data-id="GUID-8E56F196-FD40-423C-9DEE-9FCC980B4FB5" wh-toc-id="GUID-8E56F196-FD40-423C-9DEE-9FCC980B4FB5-d51e792">
            <title>Field descriptions</title>
            <topicmeta>
               <resourceid oxy-source="topic" class="- topic/resourceid " ux-source-priority="topic-and-map"></resourceid>
               <navtitle class="- topic/navtitle ">Field descriptions</navtitle><?ditaot gentext?>
               <linktext class="- map/linktext ">Field descriptions</linktext>
            </topicmeta>
         </topic>
         <topic href="topics/searching_from_the_transaction_details_page.html" format="dita" data-id="GUID-85884B5E-7078-47AB-B0FF-2517A23D1E8D" wh-toc-id="GUID-85884B5E-7078-47AB-B0FF-2517A23D1E8D-d51e800">
            <title>Search from the Transaction Details page</title>
            <topicmeta>
               <resourceid oxy-source="topic" class="- topic/resourceid " ux-source-priority="topic-and-map"></resourceid>
               <navtitle class="- topic/navtitle ">Search from the Transaction Details page</navtitle><?ditaot gentext?>
               <linktext class="- map/linktext ">Searching from the Transaction Details page</linktext>
            </topicmeta>
         </topic>
         <topic href="topics/change_labels.html" format="dita" data-id="GUID-6F015FE9-587B-4EA5-9920-68048855B3B6" wh-toc-id="GUID-6F015FE9-587B-4EA5-9920-68048855B3B6-d51e808">
            <title>Change labels</title>
            <topicmeta>
               <resourceid oxy-source="topic" class="- topic/resourceid " ux-source-priority="topic-and-map"></resourceid>
               <navtitle class="- topic/navtitle ">Change labels</navtitle><?ditaot gentext?>
               <linktext class="- map/linktext ">Change labels</linktext>
            </topicmeta>
         </topic>
         <topic href="topics/transaction_details_tab3.html" format="dita" data-id="GUID-FF116290-5A24-4BF0-9ED5-6629827A928D" wh-toc-id="GUID-FF116290-5A24-4BF0-9ED5-6629827A928D-d51e816">
            <title>Tabs on the Transaction Details page</title>
            <topicmeta>
               <resourceid oxy-source="topic" class="- topic/resourceid " ux-source-priority="topic-and-map"></resourceid>
               <navtitle class="- topic/navtitle ">Tabs on the Transaction Details page</navtitle><?ditaot gentext?>
               <linktext class="- map/linktext ">Transaction Details tab</linktext>
            </topicmeta>
            <topic href="topics/show_and_hide_tabs.html" format="dita" data-id="GUID-24F451D9-36A8-40F7-8963-B3C1BE39BB09" wh-toc-id="GUID-24F451D9-36A8-40F7-8963-B3C1BE39BB09-d51e825">
               <title>Show and hide tabs</title>
               <topicmeta>
                  <resourceid oxy-source="topic" class="- topic/resourceid " ux-source-priority="topic-and-map"></resourceid>
                  <navtitle class="- topic/navtitle ">Show and hide tabs</navtitle><?ditaot gentext?>
                  <linktext class="- map/linktext ">Show and hide tabs</linktext>
               </topicmeta>
            </topic>
            <topic href="topics/reorder_tabs.html" format="dita" data-id="GUID-BD2BDC1A-76AE-4D7F-8874-AE5ECB73602B" wh-toc-id="GUID-BD2BDC1A-76AE-4D7F-8874-AE5ECB73602B-d51e833">
               <title>Reorder tabs</title>
               <topicmeta>
                  <resourceid class="- topic/resourceid " oxy-source="topic" appid="GUID-BD2BDC1A-76AE-4D7F-8874-AE5ECB73602B"></resourceid>
                  <navtitle class="- topic/navtitle ">Reorder tabs</navtitle><?ditaot gentext?>
                  <linktext class="- map/linktext ">Reorder tabs</linktext>
               </topicmeta>
            </topic>
            <topic href="Other/credit_card__email__phone__billing_address__shippi.html" format="dita" data-id="GUID-61ED2F63-A2D5-40A0-8FEA-B3747B8619EF" wh-toc-id="GUID-61ED2F63-A2D5-40A0-8FEA-B3747B8619EF-d51e841">
               <title>About the Credit Card, Email, Phone, Billing Address, Shipping Address, and IP Address tabs</title>
               <topicmeta>
                  <resourceid oxy-source="topic" class="- topic/resourceid " ux-source-priority="topic-and-map"></resourceid>
                  <navtitle class="- topic/navtitle ">About the Credit Card, Email, Phone, Billing Address, Shipping Address, and IP Address tabs</navtitle><?ditaot gentext?>
                  <linktext class="- map/linktext ">Credit Card, Email, Phone, Billing Address, Shipping Address, and IP Address tabs</linktext>
               </topicmeta>
            </topic>
            <topic href="topics/profiles_tab.html" format="dita" data-id="GUID-220DA6E4-EF21-4BB1-B014-5B40325FF8D5" wh-toc-id="GUID-220DA6E4-EF21-4BB1-B014-5B40325FF8D5-d51e849">
               <title>Profiles tab</title>
               <topicmeta>
                  <resourceid oxy-source="topic" ux-source-priority="topic-and-map" class="- topic/resourceid "></resourceid>
                  <navtitle class="- topic/navtitle ">Profiles tab</navtitle><?ditaot gentext?>
                  <linktext class="- map/linktext ">Profiles tab</linktext>
               </topicmeta>
            </topic>
            <topic href="topics/transaction_details_tab3_2.html" format="dita" data-id="GUID-FF116290-5A24-4BF0-9ED5-6629827A928D" wh-toc-id="GUID-FF116290-5A24-4BF0-9ED5-6629827A928D-d51e857">
               <title>Tabs on the Transaction Details page</title>
               <topicmeta>
                  <resourceid oxy-source="topic" class="- topic/resourceid " ux-source-priority="topic-and-map"></resourceid>
                  <navtitle class="- topic/navtitle ">Tabs on the Transaction Details page</navtitle><?ditaot gentext?>
                  <linktext class="- map/linktext ">Transaction Details tab</linktext>
               </topicmeta>
               <topic href="topics/customize_the_transaction_details_tab.html" format="dita" data-id="GUID-2915CD25-3047-47A2-B99B-3C9CF4CF61C4" wh-toc-id="GUID-2915CD25-3047-47A2-B99B-3C9CF4CF61C4-d51e865">
                  <title>Customize the Transaction Details tab</title>
                  <topicmeta>
                     <resourceid oxy-source="topic" class="- topic/resourceid " ux-source-priority="topic-and-map"></resourceid>
                     <navtitle class="- topic/navtitle ">Customize the Transaction Details tab</navtitle><?ditaot gentext?>
                     <linktext class="- map/linktext ">Customize the Transaction Details tab</linktext>
                  </topicmeta>
                  <topic href="topics/restore_the_default_settings_for_sections_in_the_t.html" format="dita" data-id="GUID-960F2679-A523-4045-9516-9F7C8F133523" wh-toc-id="GUID-960F2679-A523-4045-9516-9F7C8F133523-d51e873">
                     <title>Restore the default settings for sections in the Transaction Details...</title>
                     <topicmeta>
                        <resourceid oxy-source="topic" class="- topic/resourceid " ux-source-priority="topic-and-map"></resourceid>
                        <navtitle class="- topic/navtitle ">Restore the default settings for sections in the Transaction Details...</navtitle><?ditaot gentext?>
                        <linktext class="- map/linktext ">Restore the default settings for sections in the Transaction Details tab</linktext>
                     </topicmeta>
                  </topic>
               </topic>
            </topic>
            <topic href="topics/rules_tab2.html" format="dita" data-id="GUID-1C053F27-6D62-4110-8BBA-1F2B1232D967" wh-toc-id="GUID-1C053F27-6D62-4110-8BBA-1F2B1232D967-d51e881">
               <title>Rules tab</title>
               <topicmeta>
                  <resourceid oxy-source="topic" ux-source-priority="topic-and-map" class="- topic/resourceid "></resourceid>
                  <navtitle class="- topic/navtitle ">Rules tab</navtitle><?ditaot gentext?>
                  <linktext class="- map/linktext ">Rules tab</linktext>
               </topicmeta>
            </topic>
            <topic href="topics/3rd_party_tab.html" format="dita" data-id="GUID-4A681D9E-D9BB-48A1-901E-A87E187C20D1" wh-toc-id="GUID-4A681D9E-D9BB-48A1-901E-A87E187C20D1-d51e889">
               <title>3rd Party tab</title>
               <shortdesc>
                  <p xmlns="http://www.w3.org/1999/xhtml" class="shortdesc">Use the services on the 3rd Party tab to perform additional research about the transaction.    </p>
               </shortdesc>
               <topicmeta>
                  <resourceid oxy-source="topic" class="- topic/resourceid " ux-source-priority="topic-and-map"></resourceid>
                  <navtitle class="- topic/navtitle ">3rd Party tab</navtitle><?ditaot gentext?>
                  <linktext class="- map/linktext ">3rd Party tab</linktext><?ditaot genshortdesc?>
                  <shortdesc class="- map/shortdesc ">Use the services on the 3rd Party tab to perform additional research about the transaction.    </shortdesc>
               </topicmeta>
            </topic>
         </topic>
         <topic href="topics/work_a_transaction_.html" format="dita" data-id="GUID-A8E4927B-1F47-41E7-A5D8-C39524853DBB" wh-toc-id="GUID-A8E4927B-1F47-41E7-A5D8-C39524853DBB-d51e900">
            <title>Work a transaction </title>
            <topicmeta>
               <resourceid oxy-source="topic" ux-source-priority="topic-and-map" class="- topic/resourceid "></resourceid>
               <navtitle class="- topic/navtitle ">Work a transaction </navtitle><?ditaot gentext?>
               <linktext class="- map/linktext ">Work a transaction</linktext>
            </topicmeta>
            <topic href="topics/navigate_transaction_details.html" format="dita" data-id="GUID-FC967C54-6263-47A7-8B53-A7C59F90659E" wh-toc-id="GUID-FC967C54-6263-47A7-8B53-A7C59F90659E-d51e908">
               <title>Navigate transaction details</title>
               <topicmeta>
                  <resourceid oxy-source="topic" class="- topic/resourceid " ux-source-priority="topic-and-map"></resourceid>
                  <navtitle class="- topic/navtitle ">Navigate transaction details</navtitle><?ditaot gentext?>
                  <linktext class="- map/linktext ">Navigate transaction details</linktext>
               </topicmeta>
            </topic>
            <topic href="topics/the_visual_fraud_analysis_tool.html" format="dita" data-id="GUID-4CBE6281-3B54-410D-B6D0-CC85FF6D6D6B" wh-toc-id="GUID-4CBE6281-3B54-410D-B6D0-CC85FF6D6D6B-d51e916">
               <title>The Visual Fraud Analysis tool</title>
               <topicmeta>
                  <resourceid oxy-source="topic" class="- topic/resourceid " ux-source-priority="topic-and-map"></resourceid>
                  <navtitle class="- topic/navtitle ">The Visual Fraud Analysis tool</navtitle><?ditaot gentext?>
                  <linktext class="- map/linktext ">The Visual Fraud Analysis tool</linktext>
               </topicmeta>
            </topic>
            <topic href="topics/set_the_order_status_for_a_transaction.html" format="dita" data-id="GUID-000F0C72-A575-4466-8575-2EA2356F5C96" wh-toc-id="GUID-000F0C72-A575-4466-8575-2EA2356F5C96-d51e924">
               <title>Set the order status for a transaction</title>
               <topicmeta>
                  <resourceid oxy-source="topic" class="- topic/resourceid " ux-source-priority="topic-and-map"></resourceid>
                  <navtitle class="- topic/navtitle ">Set the order status for a transaction</navtitle><?ditaot gentext?>
                  <linktext class="- map/linktext ">Set the order status for a transaction</linktext>
               </topicmeta>
            </topic>
            <topic href="topics/view_and_add_notes2.html" format="dita" data-id="GUID-E6EE394D-9486-452E-A10E-D2BECFF8D4B6" wh-toc-id="GUID-E6EE394D-9486-452E-A10E-D2BECFF8D4B6-d51e932">
               <title>View and add notes</title>
               <topicmeta>
                  <resourceid oxy-source="topic" ux-source-priority="topic-and-map" class="- topic/resourceid "></resourceid>
                  <navtitle class="- topic/navtitle ">View and add notes</navtitle><?ditaot gentext?>
                  <linktext class="- map/linktext ">View and add notes</linktext>
               </topicmeta>
            </topic>
            <topic href="topics/the_perseuss_main_score.html" format="dita" data-id="GUID-FE6B8DB8-B1AA-4BD2-849A-9D46304B603F" wh-toc-id="GUID-FE6B8DB8-B1AA-4BD2-849A-9D46304B603F-d51e940">
               <title>The Perseuss main score</title>
               <topicmeta>
                  <resourceid oxy-source="topic" class="- topic/resourceid " ux-source-priority="topic-and-map"></resourceid>
                  <navtitle class="- topic/navtitle ">The Perseuss main score</navtitle><?ditaot gentext?>
                  <linktext class="- map/linktext ">The Perseuss main score</linktext>
               </topicmeta>
            </topic>
         </topic>
      </topic>
      <topic href="topics/reports39.html" data-id="GUID-9DC56E2C-827E-4D18-BB02-AD7F1D75D431" wh-toc-id="GUID-9DC56E2C-827E-4D18-BB02-AD7F1D75D431-d51e948">
         <title>Reports</title>
         <topicmeta>
            <resourceid oxy-source="topic" ux-source-priority="topic-and-map" class="- topic/resourceid "></resourceid>
            <navtitle class="- topic/navtitle ">Reports</navtitle><?ditaot gentext?>
            <linktext class="- map/linktext ">Reports</linktext>
         </topicmeta>
         <topic href="topics/report_code_response_table.html" format="dita" data-id="GUID-C6496370-925F-47C2-8BCC-01357ECCAE9B" wh-toc-id="GUID-C6496370-925F-47C2-8BCC-01357ECCAE9B-d51e956">
            <title>Report code response table</title>
            <topicmeta>
               <resourceid oxy-source="topic" class="- topic/resourceid " ux-source-priority="topic-and-map"></resourceid>
               <navtitle class="- topic/navtitle ">Report code response table</navtitle><?ditaot gentext?>
               <linktext class="- map/linktext ">Report code response table</linktext>
            </topicmeta>
         </topic>
      </topic>
   </topic>
</toc>