<?xml version="1.0" encoding="UTF-8"?>
<beans xmlns="http://www.springframework.org/schema/beans"
    xmlns:xsi="http://www.w3.org/2001/XMLSchema-instance"
    xmlns:context="http://www.springframework.org/schema/context"
    xmlns:util="http://www.springframework.org/schema/util"
    xsi:schemaLocation="
    http://www.springframework.org/schema/beans 
    http://www.springframework.org/schema/beans/spring-beans.xsd 
    http://www.springframework.org/schema/context
    http://www.springframework.org/schema/context/spring-context.xsd
    http://www.springframework.org/schema/util
    http://www.springframework.org/schema/util/spring-util.xsd
    ">
<!--
  - Application context definition for SpringApp's data access layer.
    - This file is accessed by the Command line tasks 
    -     LaunchEODService 
    -     LaunchSODService
    -
  -->

<!-- 
    NOTE:
    This file must be loaded last in the context configuration so that any properties that exception can be 
    thrown if any properties are not replaced.
 -->
    <bean id="propertyConfigurer" class="com.aciworldwide.aps.adf.common.config.EncryptablePropertyPlaceholderConfigurer">
		<property name="stringEncryptor" ref="stringEncryptorViaFactory" />
        <property name="locations">
            <list>
                <value>classpath:appjdbc.properties</value>
                <!-- <value>classpath:emfcoreconfig.properties</value> -->
            </list>
        </property>
        <!-- 
        Set this to 'true' to avoid exception being thrown if this PropertyPlaceholderConfigurer gets loaded first.
        This will enable application to define their own PropertyPlaceholderConfigurer.  
        -->
        <property name="ignoreUnresolvablePlaceholders" value="false"/>
    </bean>
    
    <bean id="stringEncryptorViaFactory" factory-bean="stringEncryptorFactory" factory-method="getInstance" />
    
    <util:properties id="appjdbcConfig" location="classpath:appjdbc.properties"/>
    
    <bean id="stringEncryptorFactory" class="com.aciworldwide.aps.adf.common.crypto.PasswordEncryptorFactory">
        <property name="propertyMap" ref="appjdbcConfig"/>
        <property name="cipherPasswordKey" value="apsfmain.jdbc.cipherPassword" />
    </bean>
</beans>
