<?xml version="1.0" encoding="UTF-8"?>
<application>
    <services>

        <service name="LocalizationBSIService" role="consumer" uselocalprovider="true" />
        <service name="EmbeddedHelp" role="consumer" uselocalprovider="true" />

        <service name="IScale" role="consumer" uselocalprovider="true"/>
        <service name="IScaleAdmin" role="consumer" uselocalprovider="true"/>
        <service name="IScaleSyncMonitor" role="consumer" uselocalprovider="true"/>

        <!-- Services provided by the Entitlements standalone provider-->
        <service name="Authentication" role="consumer" uselocalprovider="false" />
        <service name="Authorization" role="consumer"  uselocalprovider="false" />
        <service name="SessionManagement" role="consumer"  uselocalprovider="false" />
        <service name="Audit" role="consumer" uselocalprovider="false" />
        <service name="UserAuditBSIService" role="consumer" uselocalprovider="true" />
        <service name="EntitlementsAuthorizationEnforce" role="consumer" uselocalprovider="false"/>

        <!-- Local services needed for alerts -->
        <service name="AlertInquiry" role="consumer" uselocalprovider="true" />
        <service name="AlertManagement" role="consumer" uselocalprovider="true" />
        <service name="AlertAgentDistribution" role="consumer" uselocalprovider="true" />

	    <service name="MetadataRepositoryService" role="consumer" />
        <service name="ListManagementService" role="consumer" uselocalprovider="false"/>

		<!-- CSI2 -->
		<service name="CSI2SessionManagement" role="consumer" uselocalprovider="false" />

        <!-- Commented Out.  Left for Quick Inclusion -->
		<!-- service name="Provision" role="consumer" uselocalprovider="false"/>
		<service name="RoleImport" role="consumer" uselocalprovider="false"/>
		<service name="EntitlementsRuntimeDataExport" role="consumer" uselocalprovider="false"/-->
   </services>
   <service-mapping>
    <!-- Services provided by the Entitlements standalone provider-->
        <service name="Authentication">
            <listener name="AuthenticationReceiver" />
        </service>
        <service name="Authorization">
            <listener name="AuthorizationReceiver" />
        </service>
        <service name="SessionManagement">
            <listener name="SessionManagementReceiver" />
        </service>
        <service name="Audit">
            <listener name="AuditReceiver"/>
        </service>
        <service name="IScaleAdmin">
            <listener name="IScaleAdminReceiver" />
        </service>
        <service name="MetadataRepositoryService">
            <listener name="MetadataRepositoryServiceReceiver" />
        </service>
       <service name="ListManagementService">
           <listener name="ListManagementServiceReceiver"/>
       </service>
       <service name="EntitlementsAuthorizationEnforce">
           <listener name="AuthorizationReceiver" />
       </service>
	   <service name="CSI2SessionManagement">
            <listener name="CSI2SessionManagementReceiver" />
        </service>
    </service-mapping>

    <messaging>

        <outbound>
            <outboundchannel name="tcpipchannel">
                <channel-config>
                    <property name="ssl">${controlcenter-desktop.bsicontext.tcpip.sslEnabled}</property>
                    <property name="keyStoreFilePath">${controlcenter-desktop.bsicontext.tcpip.keyStoreFilePath}</property>
                    <property name="keyStorePassword">${controlcenter-desktop.bsicontext.tcpip.keyStorePassword}</property>
                    <property name="trustStoreFilePath">${controlcenter-desktop.bsicontext.tcpip.trustStoreFilePath}</property>
                    <property name="trustStorePassword">${controlcenter-desktop.bsicontext.tcpip.trustStorePassword}</property>
                    <property name="cipherPassword">${controlcenter-desktop.bsicontext.tcpip.cipherPassword}</property>
                </channel-config>
            </outboundchannel>
            <outboundchannel name="mqchannel">
                <channel-config>
                    <property name="queuemanager">${controlcenter-desktop.bsicontext.mq.queuemanager}</property>
                    <property name="hostname">${controlcenter-desktop.bsicontext.mq.remote.hostname}</property>
                    <property name="port">${controlcenter-desktop.bsicontext.mq.remote.port}</property>
                    <property name="channel">${controlcenter-desktop.bsicontext.mq.remote.channel}</property>
                </channel-config>
            </outboundchannel>
        </outbound>

        <inbound>

            <!-- Services provided by the Entitlements standalone provider-->
            <message-receiver name="AuthenticationReceiver"
                class="${controlcenter-desktop.bsicontext.messageReceiver.className}">
                <parameter name="url">${controlcenter-desktop.bsicontext.AuthenticationReceiver.url}</parameter>
                <parameter name="ssl">${controlcenter-desktop.bsicontext.tcpip.sslEnabled}</parameter>
                <parameter name="keyStoreFilePath">${controlcenter-desktop.bsicontext.tcpip.keyStoreFilePath}</parameter>
                <parameter name="keyStorePassword">${controlcenter-desktop.bsicontext.tcpip.keyStorePassword}</parameter>
                <parameter name="trustStoreFilePath">${controlcenter-desktop.bsicontext.tcpip.trustStoreFilePath}</parameter>
                <parameter name="trustStorePassword">${controlcenter-desktop.bsicontext.tcpip.trustStorePassword}</parameter>
                <parameter name="numInstances">1</parameter>
                <parameter name="hostname">${controlcenter-desktop.bsicontext.mq.remote.hostname}</parameter>
                <parameter name="port">${controlcenter-desktop.bsicontext.mq.remote.port}</parameter>
                <parameter name="channel">${controlcenter-desktop.bsicontext.mq.remote.channel}</parameter>
                <parameter name="cipherPassword">${controlcenter-desktop.bsicontext.tcpip.cipherPassword}</parameter>
            </message-receiver>

            <message-receiver name="AuthorizationReceiver"
                class="${controlcenter-desktop.bsicontext.messageReceiver.className}">
                <parameter name="url">${controlcenter-desktop.bsicontext.AuthorizationReceiver.url}</parameter>
                <parameter name="ssl">${controlcenter-desktop.bsicontext.tcpip.sslEnabled}</parameter>
                <parameter name="keyStoreFilePath">${controlcenter-desktop.bsicontext.tcpip.keyStoreFilePath}</parameter>
                <parameter name="keyStorePassword">${controlcenter-desktop.bsicontext.tcpip.keyStorePassword}</parameter>
                <parameter name="trustStoreFilePath">${controlcenter-desktop.bsicontext.tcpip.trustStoreFilePath}</parameter>
                <parameter name="trustStorePassword">${controlcenter-desktop.bsicontext.tcpip.trustStorePassword}</parameter>
                <parameter name="numInstances">1</parameter>
                <parameter name="hostname">${controlcenter-desktop.bsicontext.mq.remote.hostname}</parameter>
                <parameter name="port">${controlcenter-desktop.bsicontext.mq.remote.port}</parameter>
                <parameter name="channel">${controlcenter-desktop.bsicontext.mq.remote.channel}</parameter>
                <parameter name="cipherPassword">${controlcenter-desktop.bsicontext.tcpip.cipherPassword}</parameter>
            </message-receiver>

            <message-receiver name="SessionManagementReceiver"
                class="${controlcenter-desktop.bsicontext.messageReceiver.className}">
                <parameter name="url">${controlcenter-desktop.bsicontext.SessionManagementReceiver.url}</parameter>
                <parameter name="ssl">${controlcenter-desktop.bsicontext.tcpip.sslEnabled}</parameter>
                <parameter name="keyStoreFilePath">${controlcenter-desktop.bsicontext.tcpip.keyStoreFilePath}</parameter>
                <parameter name="keyStorePassword">${controlcenter-desktop.bsicontext.tcpip.keyStorePassword}</parameter>
                <parameter name="trustStoreFilePath">${controlcenter-desktop.bsicontext.tcpip.trustStoreFilePath}</parameter>
                <parameter name="trustStorePassword">${controlcenter-desktop.bsicontext.tcpip.trustStorePassword}</parameter>
                <parameter name="numInstances">1</parameter>
                <parameter name="hostname">${controlcenter-desktop.bsicontext.mq.remote.hostname}</parameter>
                <parameter name="port">${controlcenter-desktop.bsicontext.mq.remote.port}</parameter>
                <parameter name="channel">${controlcenter-desktop.bsicontext.mq.remote.channel}</parameter>
                <parameter name="cipherPassword">${controlcenter-desktop.bsicontext.tcpip.cipherPassword}</parameter>
            </message-receiver>

            <message-receiver name="AuditReceiver"
                class="${controlcenter-desktop.bsicontext.messageReceiver.className}">
                <parameter name="url">${controlcenter-desktop.bsicontext.AuditReceiver.url}</parameter>
                <parameter name="ssl">${controlcenter-desktop.bsicontext.tcpip.sslEnabled}</parameter>
                <parameter name="keyStoreFilePath">${controlcenter-desktop.bsicontext.tcpip.keyStoreFilePath}</parameter>
                <parameter name="keyStorePassword">${controlcenter-desktop.bsicontext.tcpip.keyStorePassword}</parameter>
                <parameter name="trustStoreFilePath">${controlcenter-desktop.bsicontext.tcpip.trustStoreFilePath}</parameter>
                <parameter name="trustStorePassword">${controlcenter-desktop.bsicontext.tcpip.trustStorePassword}</parameter>
                <parameter name="numInstances">1</parameter>
                <parameter name="hostname">${controlcenter-desktop.bsicontext.mq.remote.hostname}</parameter>
                <parameter name="port">${controlcenter-desktop.bsicontext.mq.remote.port}</parameter>
                <parameter name="channel">${controlcenter-desktop.bsicontext.mq.remote.channel}</parameter>
                <parameter name="cipherPassword">${controlcenter-desktop.bsicontext.tcpip.cipherPassword}</parameter>
            </message-receiver>
            <message-receiver name="IScaleAdminReceiver"
                class="${controlcenter-desktop.bsicontext.messageReceiver.className}">
                <parameter name="url">${controlcenter-desktop.bsicontext.IScaleAdminReceiver.url}</parameter>
                <parameter name="ssl">${controlcenter-desktop.bsicontext.tcpip.sslEnabled}</parameter>
                <parameter name="keyStoreFilePath">${controlcenter-desktop.bsicontext.tcpip.keyStoreFilePath}</parameter>
                <parameter name="keyStorePassword">${controlcenter-desktop.bsicontext.tcpip.keyStorePassword}</parameter>
                <parameter name="trustStoreFilePath">${controlcenter-desktop.bsicontext.tcpip.trustStoreFilePath}</parameter>
                <parameter name="trustStorePassword">${controlcenter-desktop.bsicontext.tcpip.trustStorePassword}</parameter>
                <parameter name="numInstances">1</parameter>
                <parameter name="hostname">${controlcenter-desktop.bsicontext.mq.remote.hostname}</parameter>
                <parameter name="port">${controlcenter-desktop.bsicontext.mq.remote.port}</parameter>
                <parameter name="channel">${controlcenter-desktop.bsicontext.mq.remote.channel}</parameter>
                <parameter name="cipherPassword">${controlcenter-desktop.bsicontext.tcpip.cipherPassword}</parameter>
            </message-receiver>


            <message-receiver name="MetadataRepositoryServiceReceiver" class="com.aciworldwide.aps.adf.bsi.messaging.transport.netty.TCPIPListener">
                <parameter name="url">${controlcenter-desktop.bsicontext.MetadataRepositoryServiceReceiver.url}</parameter>
                <parameter name="ssl">${controlcenter-desktop.bsicontext.tcpip.sslEnabled}</parameter>
                <parameter name="keyStoreFilePath">${controlcenter-desktop.bsicontext.tcpip.keyStoreFilePath}</parameter>
                <parameter name="keyStorePassword">${controlcenter-desktop.bsicontext.tcpip.keyStorePassword}</parameter>
                <parameter name="trustStoreFilePath">${controlcenter-desktop.bsicontext.tcpip.trustStoreFilePath}</parameter>
                <parameter name="trustStorePassword">${controlcenter-desktop.bsicontext.tcpip.trustStorePassword}</parameter>
                <parameter name="cipherPassword">${controlcenter-desktop.bsicontext.tcpip.cipherPassword}</parameter>
            </message-receiver>

            <message-receiver name="ListManagementServiceReceiver" class="com.aciworldwide.aps.adf.bsi.messaging.transport.netty.TCPIPListener">
                <parameter name="url">${controlcenter-desktop.bsicontext.ListManagementServiceReceiver.url}</parameter>
                <parameter name="ssl">${controlcenter-desktop.bsicontext.tcpip.sslEnabled}</parameter>
                <parameter name="keyStoreFilePath">${controlcenter-desktop.bsicontext.tcpip.keyStoreFilePath}</parameter>
                <parameter name="keyStorePassword">${controlcenter-desktop.bsicontext.tcpip.keyStorePassword}</parameter>
                <parameter name="trustStoreFilePath">${controlcenter-desktop.bsicontext.tcpip.trustStoreFilePath}</parameter>
                <parameter name="trustStorePassword">${controlcenter-desktop.bsicontext.tcpip.trustStorePassword}</parameter>
                <parameter name="cipherPassword">${controlcenter-desktop.bsicontext.tcpip.cipherPassword}</parameter>
            </message-receiver>

	        <message-receiver name="CSI2SessionManagementReceiver" class="com.aciworldwide.aps.adf.bsi.messaging.transport.netty.TCPIPListener">
                <parameter name="url">${controlcenter-desktop.bsicontext.csi2SessionManagementReceiver.url}</parameter>
                <parameter name="ssl">${controlcenter-desktop.bsicontext.tcpip.sslEnabled}</parameter>
                <parameter name="keyStoreFilePath">${controlcenter-desktop.bsicontext.tcpip.keyStoreFilePath}</parameter>
                <parameter name="keyStorePassword">${controlcenter-desktop.bsicontext.tcpip.keyStorePassword}</parameter>
                <parameter name="trustStoreFilePath">${controlcenter-desktop.bsicontext.tcpip.trustStoreFilePath}</parameter>
                <parameter name="trustStorePassword">${controlcenter-desktop.bsicontext.tcpip.trustStorePassword}</parameter>
                <parameter name="cipherPassword">${controlcenter-desktop.bsicontext.tcpip.cipherPassword}</parameter>
            </message-receiver>

        </inbound>
    </messaging>



    <global-service-config>
        <timeout>${controlcenter-desktop.bsicontext.timeout}</timeout>
        <retry>2</retry>
        <protocol-bindings>
            <protocol-binding>${controlcenter-desktop.bsicontext.protocolBinding}</protocol-binding>
        </protocol-bindings>
    </global-service-config>

</application>
