<?xml version="1.0" encoding="UTF-8"?>
<beans xmlns="http://www.springframework.org/schema/beans"
    xmlns:p="http://www.springframework.org/schema/p" xmlns:xsi="http://www.w3.org/2001/XMLSchema-instance"
    xmlns:context="http://www.springframework.org/schema/context"
    xmlns:mvc="http://www.springframework.org/schema/mvc"
    xmlns:util="http://www.springframework.org/schema/util"
    xsi:schemaLocation="http://www.springframework.org/schema/beans http://www.springframework.org/schema/beans/spring-beans-3.0.xsd
                http://www.springframework.org/schema/context http://www.springframework.org/schema/context/spring-context-3.0.xsd
                http://www.springframework.org/schema/mvc http://www.springframework.org/schema/mvc/spring-mvc-3.0.xsd
                http://www.springframework.org/schema/util http://www.springframework.org/schema/util/spring-util.xsd">
    
    <import resource="classpath:spring-beans/desktop/desktop-servlet.xml" />
	<import resource="classpath:spring-beans/rms-desktophelper-customization.xml" />
    <import resource="classpath:spring-beans/desktop/desktophelper-customization.xml" />
    
    <bean class="org.springframework.beans.factory.config.MethodInvokingFactoryBean" depends-on="desktopHelper">
        <property name="targetObject" ref="desktopHelper" />
        <property name="targetMethod" value="setPostLogonActions" />
        <property name="arguments">
            <list>
                <ref bean="emfPostLoginAction"/>
            </list>
        </property>
    </bean>
    <!-- bean to get the session attributes set for service provider while login through SSO -->
    <bean id="postSSOSessionActionHelper"
        class="com.aciworldwide.aps.adf.desktop.login.sso.PostSSOSessionActionHelperImpl">
    </bean>
    <!-- Need to ahve this for service provider to set up session attributes -->
     <bean class="org.springframework.beans.factory.config.MethodInvokingFactoryBean" depends-on="ssoSessionHelper">
        <property name="targetObject" ref="ssoSessionHelper" />
        <property name="targetMethod" value="setPostSSOSessionActionHelpers" />
        <property name="arguments">
            <list>
                <ref bean="postSSOSessionActionHelper"/>
            </list>
        </property>
    </bean>

</beans>
