<?xml version="1.0" encoding="UTF-8"?>
<beans xmlns:xsi="http://www.w3.org/2001/XMLSchema-instance"
       xmlns:context="http://www.springframework.org/schema/context"
       xmlns="http://www.springframework.org/schema/beans"
       xsi:schemaLocation="http://www.springframework.org/schema/beans http://www.springframework.org/schema/beans/spring-beans-3.0.xsd
                http://www.springframework.org/schema/context http://www.springframework.org/schema/context/spring-context-3.0.xsd">

    <import resource="classpath:emfapp-mvc-common.xml" />
    
    <context:component-scan base-package="com.aciworldwide.aps.adf.emf.webapp.controller"/>
    <context:component-scan base-package="com.aciworldwide.aps.adf.emf.report.online.controller"/>
    <context:component-scan base-package="com.aci.pim"/>
    <context:component-scan base-package="com.aciworldwide.controller"/>
    <context:component-scan base-package="com.aciworldwide.aps.adf.bsf.savedsearch.controller"/>
    <context:component-scan base-package="com.aciworldwide.sae.ui"/>
    <context:component-scan base-package="com.aciworldwide.rms.lm.controller"/>
    <context:component-scan base-package="com.aciworldwide.sae.ui.service"/>
    <context:component-scan base-package="com.aciworldwide.rms.lm.rest"/>
	<context:component-scan base-package="com.aciworldwide.rms.cb.cbwebapp.model"/>
    <context:component-scan base-package="com.aciworldwide.rms.cb.cbwebapp.service"/>
    <context:component-scan base-package="com.aciworldwide.rms.cb.cbwebapp.controller"/>

    <bean id="propertyConfigurer" class="org.springframework.beans.factory.config.PropertyPlaceholderConfigurer">
        <property name="locations">
            <list>
                <value>classpath:emfcoreconfig.properties</value>
                <value>classpath:app-info.properties</value>
            </list>
        </property>
        <!-- 
           Setting this to FALSE requires that the properties referenced here
           are either defined in the list above or in the property place holder
           items referenced before this (i.e ARLM in emfapp-mvc-common.xml).
        -->
        <property name="ignoreUnresolvablePlaceholders" value="false"/>
    </bean>
        
    <bean class="org.springframework.web.servlet.view.ResourceBundleViewResolver">
        <property name="order" value="1"/>
        <property name="basenames">
            <list>
                <value>views-emf-ui</value>
            </list>
        </property>
        <property name="defaultParentView">
            <value>modelView</value>
        </property>
    </bean>
    
    <bean id="relocatableServiceContextInitializerBean"
        class="org.springframework.beans.factory.config.MethodInvokingFactoryBean">
        <property name="targetClass" value="com.aciworldwide.aps.adf.bsi.context.RelocatableServiceContext"/>
        <property name="targetMethod">
            <value>init</value>
        </property>
    </bean>

    <bean id="createRuleBean"
          class="com.aciworldwide.aps.adf.impl.security.owasp.interceptor.BlackListValidatorExclusionInfo">
        <property name="url" value="/rule/create" />
        <property name="fieldList">
            <list>
                <value>conditionFeature</value>
                <value>preconditionFeature</value>
                <value>orgFilterAcronyms</value>
            </list>
        </property>
    </bean>

    <bean id="createRuleExpressionBean"
          class="com.aciworldwide.aps.adf.impl.security.owasp.filter.CanonicalizationExclusionInfo">
        <property name="url" value="/rule/create" />
        <property name="fieldList">
            <list>
                <value>conditionFeature</value>
                <value>preconditionFeature</value>
                <value>orgFilterAcronyms</value>
            </list>
        </property>
    </bean>

    <bean id="updateRuleBean"
          class="com.aciworldwide.aps.adf.impl.security.owasp.interceptor.BlackListValidatorExclusionInfo">
        <property name="url" value="/rule/update" />
        <property name="fieldList">
            <list>
                <value>conditionFeature</value>
                <value>preconditionFeature</value>
                <value>orgFilterAcronyms</value>
            </list>
        </property>
    </bean>

    <bean id="updateRuleExpressionBean"
          class="com.aciworldwide.aps.adf.impl.security.owasp.filter.CanonicalizationExclusionInfo">
        <property name="url" value="/rule/update" />
        <property name="fieldList">
            <list>
                <value>conditionFeature</value>
                <value>preconditionFeature</value>
                <value>orgFilterAcronyms</value>
            </list>
        </property>
    </bean>

    <bean id="cloneRuleBean"
          class="com.aciworldwide.aps.adf.impl.security.owasp.interceptor.BlackListValidatorExclusionInfo">
        <property name="url" value="/rule/clone"/>
        <property name="fieldList">
            <list>
                <value>conditionFeature</value>
                <value>preconditionFeature</value>
                <value>orgFilterAcronyms</value>
            </list>
        </property>
    </bean>

    <bean id="cloneRuleExpressionBean"
          class="com.aciworldwide.aps.adf.impl.security.owasp.filter.CanonicalizationExclusionInfo">
        <property name="url" value="/rule/clone" />
        <property name="fieldList">
            <list>
                <value>conditionFeature</value>
                <value>preconditionFeature</value>
                <value>orgFilterAcronyms</value>
            </list>
        </property>
    </bean>

    <bean id="createComplexFeatureBean"
          class="com.aciworldwide.aps.adf.impl.security.owasp.interceptor.BlackListValidatorExclusionInfo">
        <property name="url" value="/feature/createComplex" />
        <property name="fieldList">
            <list>
                <value>expression</value>
                <value>orgFilterAcronyms</value>
                <value>precondition</value>
            </list>
        </property>
    </bean>

    <bean id="createComplexFeatureExpressionBean"
          class="com.aciworldwide.aps.adf.impl.security.owasp.filter.CanonicalizationExclusionInfo">
        <property name="url" value="/feature/createComplex" />
        <property name="fieldList">
            <list>
                <value>expression</value>
                <value>precondition</value>
            </list>
        </property>
    </bean>

    <bean id="updateComplexFeatureBean"
          class="com.aciworldwide.aps.adf.impl.security.owasp.interceptor.BlackListValidatorExclusionInfo">
        <property name="url" value="/feature/updateComplex" />
        <property name="fieldList">
            <list>
                <value>expression</value>
                <value>orgFilterAcronyms</value>
                <value>precondition</value>
            </list>
        </property>
    </bean>

    <bean id="updateComplexFeatureExpressionBean"
          class="com.aciworldwide.aps.adf.impl.security.owasp.filter.CanonicalizationExclusionInfo">
        <property name="url" value="/feature/updateComplex" />
        <property name="fieldList">
            <list>
                <value>expression</value>
                <value>precondition</value>
            </list>
        </property>
    </bean>

    <bean id="cloneComplexFeatureBean"
          class="com.aciworldwide.aps.adf.impl.security.owasp.interceptor.BlackListValidatorExclusionInfo">
        <property name="url" value="/feature/cloneComplex"/>
        <property name="fieldList">
            <list>
                <value>expression</value>
                <value>orgFilterAcronyms</value>
                <value>precondition</value>
            </list>
        </property>
    </bean>

    <bean id="cloneComplexFeatureExpressionBean"
          class="com.aciworldwide.aps.adf.impl.security.owasp.filter.CanonicalizationExclusionInfo">
        <property name="url" value="/feature/cloneComplex"/>
        <property name="fieldList">
            <list>
                <value>expression</value>
                <value>precondition</value>
            </list>
        </property>
    </bean>

    <bean id="createDimensionalFeatureBean"
          class="com.aciworldwide.aps.adf.impl.security.owasp.interceptor.BlackListValidatorExclusionInfo">
        <property name="url" value="/feature/createDimensional"/>
        <property name="fieldList">
            <list>
                <value>expression</value>
                <value>orgFilterAcronyms</value>
                <value>precondition</value>
            </list>
        </property>
    </bean>

    <bean id="updateDimensionalFeatureBean"
          class="com.aciworldwide.aps.adf.impl.security.owasp.interceptor.BlackListValidatorExclusionInfo">
        <property name="url" value="/feature/updateDimensional"/>
        <property name="fieldList">
            <list>
                <value>expression</value>
                <value>orgFilterAcronyms</value>
                <value>precondition</value>
            </list>
        </property>
    </bean>

    <bean id="cloneDimensionalFeatureBean"
          class="com.aciworldwide.aps.adf.impl.security.owasp.interceptor.BlackListValidatorExclusionInfo">
        <property name="url" value="/feature/cloneDimensional"/>
        <property name="fieldList">
            <list>
                <value>expression</value>
                <value>orgFilterAcronyms</value>
                <value>precondition</value>
            </list>
        </property>
    </bean>

    <bean id="createListBean"
          class="com.aciworldwide.aps.adf.impl.security.owasp.interceptor.BlackListValidatorExclusionInfo">
        <property name="url" value="/list/create" />
        <property name="fieldList">
            <list>
                <value>orgFilterAcronyms</value>
            </list>
        </property>
    </bean>

    <bean id="editListBean"
          class="com.aciworldwide.aps.adf.impl.security.owasp.interceptor.BlackListValidatorExclusionInfo">
        <property name="url" value="/list/edit" />
        <property name="fieldList">
            <list>
                <value>orgFilterAcronyms</value>
            </list>
        </property>
    </bean>

    <bean id="createActionSetBean"
          class="com.aciworldwide.aps.adf.impl.security.owasp.interceptor.BlackListValidatorExclusionInfo">
        <property name="url" value="/actionset/create"/>
        <property name="fieldList">
            <list>
                <value>orgFilterAcronyms</value>
                <value>preconditionFeature</value>
            </list>
        </property>
    </bean>
    <bean id="updateActionSetBean"
          class="com.aciworldwide.aps.adf.impl.security.owasp.interceptor.BlackListValidatorExclusionInfo">
        <property name="url" value="/actionset/update"/>
        <property name="fieldList">
            <list>
                <value>orgFilterAcronyms</value>
                <value>preconditionFeature</value>
            </list>
        </property>
    </bean>

    <bean id="createComplexFeatureBean_TypeBlacklistExclusionBean"
          class="org.springframework.beans.factory.config.MethodInvokingFactoryBean">
        <property name="targetObject">
            <ref bean="blacklistValidationHelper" />
        </property>
        <property name="targetMethod">
            <value>registerBlacklistExclusionList</value>
        </property>
        <property name="arguments">
            <list>
                <ref bean="createRuleBean" />
                <ref bean="updateRuleBean" />
                <ref bean="cloneRuleBean"/>
                <ref bean="createComplexFeatureBean" />
                <ref bean="updateComplexFeatureBean" />
                <ref bean="cloneComplexFeatureBean"/>
                <ref bean="createDimensionalFeatureBean"/>
                <ref bean="updateDimensionalFeatureBean"/>
                <ref bean="cloneDimensionalFeatureBean"/>
                <ref bean="createActionSetBean"/>
                <ref bean="updateActionSetBean"/>
            </list>
        </property>
    </bean>

    <bean id="createComplexFeatureExpressionBean_TypeBlacklistExclusionBean"
          class="org.springframework.beans.factory.config.MethodInvokingFactoryBean">
        <property name="targetObject">
            <ref bean="canonicalizationExclusionHelper" />
        </property>
        <property name="targetMethod">
            <value>registerCanonicalizationExclusionList</value>
        </property>
        <property name="arguments">
            <list>
                <ref bean="createComplexFeatureExpressionBean"/>
                <ref bean="updateComplexFeatureExpressionBean"/>
                <ref bean="cloneComplexFeatureExpressionBean"/>
                <ref bean="createRuleExpressionBean"/>
                <ref bean="updateRuleExpressionBean"/>
                <ref bean="cloneRuleExpressionBean"/>
            </list>
        </property>
    </bean>

    <bean id="createListBean_TypeBlacklistExclusionBean"
          class="org.springframework.beans.factory.config.MethodInvokingFactoryBean">
        <property name="targetObject">
            <ref bean="blacklistValidationHelper" />
        </property>
        <property name="targetMethod">
            <value>registerBlacklistExclusionList</value>
        </property>
        <property name="arguments">
            <list>
                <ref bean="createListBean" />
                <ref bean="editListBean" />
            </list>
        </property>
    </bean>

</beans>
