<?xml version="1.0" encoding="UTF-8"?>
<beans xmlns="http://www.springframework.org/schema/beans"
    xmlns:aop="http://www.springframework.org/schema/aop"
    xmlns:util="http://www.springframework.org/schema/util"
    xmlns:xsi="http://www.w3.org/2001/XMLSchema-instance" xmlns:context="http://www.springframework.org/schema/context"
    xsi:schemaLocation="http://www.springframework.org/schema/beans http://www.springframework.org/schema/beans/spring-beans-3.0.xsd
                http://www.springframework.org/schema/context http://www.springframework.org/schema/context/spring-context-3.0.xsd
                http://www.springframework.org/schema/aop http://www.springframework.org/schema/aop/spring-aop-3.0.xsd
                http://www.springframework.org/schema/util http://www.springframework.org/schema/util/spring-util-3.0.xsd">

    <!-- <import resource="classpath:spring-beans/arlm-deploy-config.xml" /> -->

    <context:annotation-config />

    <bean
        class="org.springframework.web.servlet.mvc.annotation.DefaultAnnotationHandlerMapping">
        <property name="order" value="0" />
        <property name="interceptors">
            <list>
                <bean id="viewSupportInterceptor"
                    class="com.aciworldwide.aps.adf.common.fw.webapp.view.ViewSupportInterceptor"/>
                <bean id="blackListValidatorInterceptor"
                      class="com.aciworldwide.aps.adf.impl.security.owasp.interceptor.BlackListValidationInterceptor">
                    <property name="blackListValidationHelper" ref="blacklistValidationHelper"/>
                </bean>
                <bean id="ParameterWhiteListValidationInterceptor"
                      class="com.aciworldwide.aps.adf.impl.security.owasp.interceptor.ParameterWhiteListValidationInterceptor">
					<property name="parameterWhiteListCache" ref="ParameterWhiteListCache"></property>
					<property name="allowNonAnnotatedControllers" value="true"/>
					<property name="autowireSecurityTokenName" value="true"/>
					<property name="autowiredSingleParameterList" value="parentFrameOrigin, menuId, menuName, definitionId, pageId, isPreview"/>
					<property name="parameterWhiteListHelper" ref="xmlParameterWhitelistHelperBean" />
                </bean>
                <bean id="validationsErrorsInterceptor"
                      class="com.aciworldwide.aps.adf.common.fw.webapp.exception.ValidationErrorsPostHandlerInterceptor">
                    <property name="resolvelocalizederrors" value="true" />
                </bean>
                <bean id="indirectObjectReferenceInterceptor" 
                      class="com.aciworldwide.aps.adf.impl.security.owasp.interceptor.IndirectObjectReferenceInterceptor">                      
                </bean>
                <bean id="xfsInterceptor" class="com.aciworldwide.aps.adf.impl.security.owasp.interceptor.CrossFrameScriptingInterceptor" >
                    <property name="xframeOptions">
                        <list>
                            <bean class="com.aciworldwide.aps.adf.impl.security.owasp.interceptor.XFrameAllow">
                                <property name="urls">
                                    <list>
                                        <value>*</value>
                                    </list>
                                </property>
                            </bean>
                            <bean class="com.aciworldwide.aps.adf.impl.security.owasp.interceptor.XFrameSameOrigin">
                                <property name="allowFrom" value="*" />
                                <property name="urls">
                                    <list>
                                        <value>*</value>
                                    </list>
                                </property>
                            </bean>
                        </list>
                    </property>
                </bean>
            </list>
        </property>
    </bean>

    <bean id="indirectObjectReferenceCache" class="com.aciworldwide.aps.adf.impl.security.owasp.indirectreference.IndirectObjectReferenceCache" scope="session"/>

    <bean
        class="org.springframework.web.servlet.mvc.annotation.AnnotationMethodHandlerAdapter">
        <property name="webBindingInitializer">
            <bean
                class="org.springframework.web.bind.support.ConfigurableWebBindingInitializer">
                <!-- Set the JSR-303 validator -->
                <property name="validator">
                    <bean class="org.springframework.validation.beanvalidation.LocalValidatorFactoryBean"></bean>
                </property>
                <property name="conversionService" ref="conversionService"/>
            </bean>
        </property>
        <property name="messageConverters">
            <list>
                <bean
                    class="org.springframework.http.converter.ByteArrayHttpMessageConverter"></bean>
                <bean
                    class="org.springframework.http.converter.StringHttpMessageConverter"></bean>
                <bean class="org.springframework.http.converter.FormHttpMessageConverter"></bean>
                <bean
                    class="org.springframework.http.converter.xml.SourceHttpMessageConverter"></bean>
                <bean
                    class="org.springframework.http.converter.json.MappingJackson2HttpMessageConverter">
                    <property name="objectMapper" ref="jacksonJsonEmfMetaObjectMapper" />
                </bean>
                <bean
                    class="org.springframework.http.converter.json.MappingJackson2HttpMessageConverter">
                    <property name="objectMapper" ref="jacksonJsonEmfObjectMapper" />
                </bean>
                <bean id="pdfView"
                    class="org.springframework.http.converter.ByteArrayHttpMessageConverter">
                    <property name="supportedMediaTypes">
                        <list>
                            <ref local="pdfMediaType" />
                        </list>
                    </property>
                </bean>
            </list>
        </property>
    </bean>

    <bean id="jacksonObjectMapperFactory"
        class="com.aciworldwide.aps.adf.common.fw.webapp.support.json.ObjectMapperFactory" />
    <bean id="jacksonJsonObjectMapper" factory-bean="jacksonObjectMapperFactory"
        factory-method="getObjectMapper" />

    <bean id="jacksonEmfObjectMapperFactory"
        class="com.aciworldwide.aps.adf.emf.webapp.support.json.EmfObjectMapperFactory" />
    <bean id="jacksonJsonEmfObjectMapper" factory-bean="jacksonEmfObjectMapperFactory"
              factory-method="getObjectMapper" />
    <bean id="jacksonEmfMetaObjectMapperFactory"
              class="com.aciworldwide.aps.adf.emf.webapp.support.json.EmfMetaObjectMapperFactory">
             <property name="includeNulls" value="true"/>
        </bean>
        <bean id="jacksonJsonEmfMetaObjectMapper" factory-bean="jacksonEmfMetaObjectMapperFactory"
              factory-method="getObjectMapper" />

	 <bean id="contentNegotiationManager" class="org.springframework.web.accept.ContentNegotiationManagerFactoryBean">
        <property name="ignoreAcceptHeader" value="false" />
        <property name="favorPathExtension" value="false" />
        <property name="favorParameter" value="true" />
        <property name="parameterName" value="format" />

        <property name="mediaTypes">
            <map>
                <entry key="json" value="application/json" />
                <entry key="pdf" value="application/pdf" />
                <entry key="csv" value="application/csv" />
                <entry key="xls" value="application/xls" />
                <entry key="tsv" value="text/tsv" />
            </map>
        </property>
	</bean>
	
    <bean
        class="org.springframework.web.servlet.view.ContentNegotiatingViewResolver">
        <property name="contentNegotiationManager" ref="contentNegotiationManager"/>
        <property name="order" value="0" />
        <property name="defaultViews">
            <list>
                <bean
                    class="org.springframework.web.servlet.view.json.MappingJackson2JsonView">
                    <property name="objectMapper" ref="jacksonJsonEmfMetaObjectMapper" />
                </bean>
                <bean
                    class="org.springframework.web.servlet.view.json.MappingJackson2JsonView">
                    <property name="objectMapper" ref="jacksonJsonEmfObjectMapper" />
                </bean>
                <bean
                    class="com.aciworldwide.aps.adf.common.fw.webapp.view.GenericStreamDataView">
                    <property name="format" value="pdf" />
                    <property name="modelParamForData" value="dataStream" />
                    <property name="modelParamForFileName" value="fileName" />
                    <property name="contentDispositionType" value="ATTACHMENT" />
                    <!-- Defined in Core-WebApp (app-info) -->
                    <property name="cookieDomain" value="${cookie.domain}"/>
                </bean>
                <bean
                    class="com.aciworldwide.aps.adf.common.fw.webapp.view.GenericStreamDataView">
                    <property name="format" value="csv" />
                    <property name="modelParamForData" value="dataStream" />
                    <property name="modelParamForFileName" value="fileName" />
                    <property name="contentDispositionType" value="ATTACHMENT" />
                    <!-- Defined in Core-WebApp (app-info) -->
                    <property name="cookieDomain" value="${cookie.domain}"/>
                </bean>
                <bean
                    class="com.aciworldwide.aps.adf.common.fw.webapp.view.GenericStreamDataView">
                    <property name="format" value="xls" />
                    <property name="modelParamForData" value="dataStream" />
                    <property name="modelParamForFileName" value="fileName" />
                    <property name="contentDispositionType" value="ATTACHMENT" />
                    <!-- Defined in Core-WebApp (app-info) -->
                    <property name="cookieDomain" value="${cookie.domain}"/>
                </bean>
                <bean
                    class="com.aciworldwide.aps.adf.common.fw.webapp.view.GenericStreamDataView">
                    <property name="format" value="tsv" />
                    <property name="modelParamForData" value="dataStream" />
                    <property name="modelParamForFileName" value="fileName" />
                    <property name="contentDispositionType" value="ATTACHMENT" />
                    <!-- Defined in Core-WebApp (app-info) -->
                    <property name="cookieDomain" value="${cookie.domain}"/>
                </bean>
            </list>
        </property>
    </bean>

    <bean id="jsonMediaType" class="org.springframework.http.MediaType">
        <constructor-arg value="application" />
        <constructor-arg value="json" />
    </bean>

    <bean id="pdfMediaType" class="org.springframework.http.MediaType">
        <constructor-arg value="application" />
        <constructor-arg value="pdf" />
    </bean>

    <bean id="localeResolver"
        class="org.springframework.web.servlet.i18n.SessionLocaleResolver">
    </bean>

    <bean id="handlerExceptionResolverBean"
          class="com.aciworldwide.sae.ui.config.HandlerExceptionResolver">
        <property name="order" value="1" />
    </bean>

    <bean id="adfHandlerExceptionResolverBean"
        class="com.aciworldwide.aps.adf.common.fw.webapp.exception.ADFHandlerExceptionResolver">
        <property name="order" value="2" />
        <property name="resolvelocalizederrors" value="true" />
        <property name="errorsViewMap">
            <map key-type="java.lang.Class" value-type="java.lang.String">
                <entry
                    key="com.aciworldwide.aps.adf.common.fw.webapp.support.WebappException"
                    value="webappErrorView" />
            </map>
        </property>
        <property name="localizationService" ref="localizationService" />
        <property name="bindExceptionHandlerFactory" ref="bindExceptionHandlerFactory" />
    </bean>

    <bean id="secureTokenGenerator" class="com.aciworldwide.aps.adf.impl.security.owasp.dto.SecureTokenGeneratorImpl">
    </bean>
    
    <bean id="CSRFCacheManager" class="com.aciworldwide.aps.adf.impl.security.owasp.dto.CSRFCacheManager" scope="singleton"/>
    <bean id="ParameterWhiteListCache"
          class="org.springframework.beans.factory.config.MapFactoryBean" scope="singleton">
        <property name="sourceMap">
            <map key-type="java.lang.String" value-type="java.util.ArrayList">
            </map>
        </property>
    </bean>

    <bean id="xmlParameterWhitelistHelperBean"
        class="com.aciworldwide.aps.adf.impl.security.owasp.interceptor.XMLParameterWhiteListHelper">
    </bean>    
</beans>
