<?xml version="1.0" encoding="UTF-8" standalone="yes"?>
<ns11:globalContextDefinition xmlns:ns2="http://aciworldwide.com/aps/adf/emf/meta" xmlns:ns3="http://aciworldwide.com/aps/adf/emf/assembly" xmlns:ns4="http://aciworldwide.com/aps/adf/emf/meta/crud" xmlns:ns5="http://aciworldwide.com/aps/adf/emf/service/defsummary/dto" xmlns:ns6="http://aciworldwide.com/aps/adf/emf/assembly/ui" xmlns:ns7="http://aciworldwide.com/aps/adf/emf/meta/criteria" xmlns:ns8="http://aciworldwide.com/aps/adf/emf/base" xmlns:ns9="http://aciworldwide.com/aps/adf/core/service/entitlements/integration/dto" xmlns:ns10="http://aciworldwide.com/aps/adf/emf/service/dto" xmlns:ns11="http://aciworldwide.com/aps/adf/emf/assembly/behaviour" xmlns:ns12="http://aciworldwide.com/aps/adf/emf/studio/core">
    <ns8:status>0</ns8:status>
    <ns8:isDeleted>false</ns8:isDeleted>
    <ns8:isDirty>false</ns8:isDirty>
    <ns11:contextDefinitionId>a7e8109c08b147c2a409d31aecf34110</ns11:contextDefinitionId>
    <ns11:contextDefinition>
        <ns8:status>0</ns8:status>
        <ns8:isDeleted>false</ns8:isDeleted>
        <ns8:isDirty>false</ns8:isDirty>
        <ns11:contextId>0b338cfc1978440da5f4a10e9e50a866</ns11:contextId>
        <ns11:keywordName>orgId</ns11:keywordName>
        <ns11:keywordDescription>Organization Id</ns11:keywordDescription>
        <ns11:sourceType>SESSION</ns11:sourceType>
        <ns11:fullyQualifiedName>USER_SESSION_CONTEXT.identity.organizationId</ns11:fullyQualifiedName>
        <ns11:defaultValue></ns11:defaultValue>
        <ns11:applicationId>APSF</ns11:applicationId>
    </ns11:contextDefinition>
    <ns11:contextDefinition>
        <ns8:status>0</ns8:status>
        <ns8:isDeleted>false</ns8:isDeleted>
        <ns8:isDirty>false</ns8:isDirty>
        <ns11:contextId>1002</ns11:contextId>
        <ns11:keywordName>opsUserId</ns11:keywordName>
        <ns11:keywordDescription>Operating User Id</ns11:keywordDescription>
        <ns11:sourceType>SESSION</ns11:sourceType>
        <ns11:fullyQualifiedName>USER_SESSION_CONTEXT.identity.userId</ns11:fullyQualifiedName>
        <ns11:applicationId>APSF</ns11:applicationId>
    </ns11:contextDefinition>
    <ns11:contextDefinition>
        <ns8:status>0</ns8:status>
        <ns8:isDeleted>false</ns8:isDeleted>
        <ns8:isDirty>false</ns8:isDirty>
        <ns11:contextId>e49de040c99947c9a94d606d7948892a</ns11:contextId>
        <ns11:keywordName>userName</ns11:keywordName>
        <ns11:keywordDescription>User Name</ns11:keywordDescription>
        <ns11:sourceType>LITERAL</ns11:sourceType>
        <ns11:fullyQualifiedName>org.user.username</ns11:fullyQualifiedName>
        <ns11:defaultValue>Ops User</ns11:defaultValue>
        <ns11:applicationId>APSF</ns11:applicationId>
    </ns11:contextDefinition>
</ns11:globalContextDefinition>
