<serviceconfig>
	<!--
		<validator class="com.aciworldwide.aps.adf.bsi.factory.config.serviceValidatorclass"> 
			<init-params>
				<init-param name="param1">value1</init-param>
				<init-param name="param2">value2</init-param>
			</init-params>
		</validator>
-->
	<!--validator beanId="validatorBean" beanConfigFile = "classpath:spring-beans/ldap-sync-ejb-mdb-core-dao.xml" /-->
	
	<!--
		<service-impl class="com.aciworldwide.aps.adf.bsi.factory.config.CustomerBOServiceImplTest">
			<init-params>
				<init-param name="param1">value1</init-param>
				<init-param name="param2">value2</init-param>
			</init-params>
		</service-impl>
-->
<!--
		 xml file must contain a tag with class or bean but not both 
-->
	<service-impl beanId="iScaleAdminBean" />

	<service-impl beanId="iScaleAdminBean" providerId="ControlCenter-DesktopIScale">
		<attributes>
			<attribute name="iScaleProviderId">ControlCenter-Desktop</attribute>
		</attributes>
	</service-impl>
 	
	<startVersion>1.0</startVersion>
	
	<interceptors>
		<!-- Class should implement ServiceMethodInterceptor interface -->
		<!--proxy-method-interceptors>
			<proxy-method-interceptor beanId="proxyMethodInterceptorBean" beanConfigFile = "BSI_Spring_Config.xml" />
			<proxy-method-interceptor class="com.aciworldwide.aps.adf.bsi.factory.config.classp1" />
			<proxy-stub-method-interceptor class="com.aciworldwide.aps.adf.bsi.factory.config.classp2" />
			<proxy-method-interceptor class="com.aciworldwide.aps.adf.bsi.factory.config.classp3" />
		</proxy-method-interceptors-->


		<!-- Class should implement ServiceInterceptor interface -->
		<!--proxy-message-interceptors>
			<proxy-message-interceptor class="com.aciworldwide.aps.adf.bsi.factory.config.class_pm_1" />
			<proxy-message-interceptor class="com.aciworldwide.aps.adf.bsi.factory.config.class_pm_2" />
			<proxy-message-interceptor class="com.aciworldwide.aps.adf.bsi.factory.config.class_pm_3" />
		</proxy-message-interceptors-->


		<!-- Class should implement ServiceMethodInterceptor interface -->
		<!--stub-method-interceptors>
			<stub-method-interceptor class="com.aciworldwide.aps.adf.bsi.factory.config.class1" />
			<stub-method-interceptor class="com.aciworldwide.aps.adf.bsi.factory.config.class2" />
			<stub-method-interceptor class="com.aciworldwide.aps.adf.bsi.factory.config.class3" />
		</stub-method-interceptors-->

		<!-- Class should implement ServiceInterceptor interface -->
		<!--stub-message-interceptors>
			<stub-message-interceptor class="com.aciworldwide.aps.adf.bsi.factory.config.class_sm_1" />
			<stub-message-interceptor class="com.aciworldwide.aps.adf.bsi.factory.config.class_sm_2" />
			<stub-message-interceptor class="com.aciworldwide.aps.adf.bsi.factory.config.class_sm_3" />
		</stub-message-interceptors-->
	</interceptors>

</serviceconfig>