<?xml version="1.0" encoding="ISO-8859-1" ?>
<StaticServiceRegistryEntries>
    <providers>
        <!-- Services provided by the Entitlements standalone provider-->
        <provider id="Provider1">
            <serviceName>Authentication</serviceName>
            <providerId>Authentication1</providerId>
            <applicationId>Application1</applicationId>
            <startVersion>1</startVersion>
            <endVersion>1</endVersion>
            <locations>
                <location>
                    <url>${controlcenter-desktop.staticRegistry.Authentication.url}</url>
                    <messageFormat>SBA</messageFormat>
                    <siteId>Site1</siteId>
                </location>
            </locations>
        </provider>

        <provider id="Provider2">
            <serviceName>Authorization</serviceName>
            <providerId>Authorization1</providerId>
            <applicationId>Application2</applicationId>
            <startVersion>1</startVersion>
            <endVersion>1</endVersion>
            <locations>
                <location>
                    <url>${controlcenter-desktop.staticRegistry.Authorization.url}</url>
                    <messageFormat>SBA</messageFormat>
                    <siteId>Site1</siteId>
                </location>
            </locations>
        </provider>

        <provider id="Provider3">
            <serviceName>SessionManagement</serviceName>
            <providerId>SessionManagement1</providerId>
            <applicationId>Application3</applicationId>
            <startVersion>1</startVersion>
            <endVersion>1</endVersion>
            <locations>
                <location>
                    <url>${controlcenter-desktop.staticRegistry.SessionManagement.url}</url>
                    <messageFormat>SBA</messageFormat>
                    <siteId>Site1</siteId>
                </location>
            </locations>
        </provider>

        <provider id="Provider4">
            <serviceName>Audit</serviceName>
            <providerId>Audit1</providerId>
            <applicationId>Application4</applicationId>
            <startVersion>1</startVersion>
            <endVersion>1</endVersion>
            <locations>
                <location>
                    <url>${controlcenter-desktop.staticRegistry.Audit.url}</url>
                    <messageFormat>SBA</messageFormat>
                    <siteId>Site1</siteId>
                </location>
            </locations>
        </provider>

        <provider id="Authentication">
            <serviceName>Authentication</serviceName>
            <providerId>Authentication1</providerId>
            <startVersion>1</startVersion>
            <endVersion>10.0</endVersion>
            <locations>
                <location>
                    <url>${controlcenter-desktop.staticRegistry.Authentication.url}</url>
                    <messageFormat>SBA</messageFormat>
                    <siteId>Site1</siteId>
                </location>
            </locations>
        </provider>

        <provider id="Authorization">
            <serviceName>Authorization</serviceName>
            <providerId>Authorization1</providerId>
            <startVersion>1</startVersion>
            <endVersion>10.0</endVersion>
            <locations>
                <location>
                    <url>${controlcenter-desktop.staticRegistry.Authorization.url}</url>
                    <messageFormat>SBA</messageFormat>
                    <siteId>Site1</siteId>
                </location>
            </locations>
        </provider>

        <provider id="SessionManagement">
            <serviceName>SessionManagement</serviceName>
            <providerId>SessionManagement1</providerId>
            <startVersion>1</startVersion>
            <endVersion>10.0</endVersion>
            <locations>
                <location>
                    <url>${controlcenter-desktop.staticRegistry.SessionManagement.url}</url>
                    <messageFormat>SBA</messageFormat>
                    <siteId>Site1</siteId>
                </location>
            </locations>
        </provider>

        <provider id="MetadataRepositoryService">
            <serviceName>MetadataRepositoryService</serviceName>
            <providerId>MetadataRepositoryService1</providerId>
            <startVersion>1</startVersion>
            <endVersion>10.0</endVersion>
            <locations>
                <location>
                    <url>${controlcenter-desktop.staticRegistry.MetadataRepositoryService.url}</url>
                    <messageFormat>SBA</messageFormat>
                    <siteId>Site1</siteId>
                </location>
            </locations>
        </provider>

        <provider id="ListManagerService">
            <serviceName>ListManagementService</serviceName>
            <providerId>ListManagementService1</providerId>
            <startVersion>1</startVersion>
            <endVersion>10.0</endVersion>
            <locations>
                <location>
                    <url>${controlcenter-desktop.staticRegistry.ListManagementService.url}</url>
                    <messageFormat>SBA</messageFormat>
                    <siteId>Site1</siteId>
                </location>
            </locations>
        </provider>

        <provider id="EntitlementsAuthorizationEnforce">
            <serviceName>EntitlementsAuthorizationEnforce</serviceName>
            <providerId>EntitlementsAuthorizationEnforce3</providerId>
            <applicationId>EntitlementsAuthorizationEnforce1</applicationId>
            <startVersion>2</startVersion>
            <endVersion>3</endVersion>
            <locations>
                <location>
                    <url>${controlcenter-desktop.staticRegistry.Authorization.url}</url>
                    <messageFormat>SBA</messageFormat>
                    <siteId>Site1</siteId>
                </location>
            </locations>
        </provider>
		
		<provider id="CSI2SessionManagement">
			<serviceName>CSI2SessionManagement</serviceName>
			<providerId>CSI2SessionManagement1</providerId>
			<applicationId>CSI2SessionManagementApp</applicationId>
			<startVersion>1</startVersion>
			<endVersion>1.0</endVersion>
			<locations>
				<location>
					<url>${controlcenter-desktop.staticRegistry.csi2SessionManagement.url}</url>
					<messageFormat>SBA</messageFormat>
					<siteId>Site1</siteId>
				</location>
			</locations>
		</provider>

    </providers>
</StaticServiceRegistryEntries>
