<jboss-deployment-structure xmlns="urn:jboss:deployment-structure:1.2">
    <deployment>
        <exclude-subsystems>
            <subsystem name="jpa" />
            <subsystem name="pojo" />

            <!-- Exclude jaxrs to avoid jackson version collision -->
            <subsystem name="jaxrs" />            

            <!-- Log subsystem exclusion to make use of application specific log configuration and jars (UPF-17075) -->
            <subsystem name="logging" />			
        </exclude-subsystems>
        <!-- Exclusions allow you to prevent the server from automatically adding 
            some dependencies -->
        <exclusions>
            <module name="org.hibernate" />
            <module name="org.hibernate.envers" />

            <!-- Log File Exclusions (APSF-3368: Collisions with JBoss and ESAPI 3rd 
                party library) -->
            <module name="org.apache.log4j" />
            <module name="org.apache.logging.log4j" />
            <module name="org.jboss.netty" />
        </exclusions>

        <!-- JBoss JMX module dependency -->
        <dependencies>
            <module name="org.jboss.as.jmx" services="import" />
            <system export="true">
                <paths>
                    <path name="com/sun/jmx/mbeanserver" />
                </paths>
            </system>
        </dependencies>
    </deployment>
</jboss-deployment-structure>
