<?xml version="1.0" encoding="UTF-8"?>
<Configuration>
	<Properties>
    <Property name="baseDir">ControlCenter-Desktop</Property>
		<Property name="defaultProvider">noProvider</Property>
		<Property name="apsf.logs.home">./logs</Property>
	</Properties>

	<!-- APPENDERS CONFIGURATION -->
	<Appenders>
		<Console name="STDOUT" target="SYSTEM_OUT">
			<PatternLayout pattern="[%d{DEFAULT}] [%-5p] [%t] %c -    %m%n" />
			<Filters>
				<ThresholdFilter level="INFO" />
			</Filters>
		</Console>

		<!-- Trace Appenders -->
		<Routing name="ProviderAppenderTrace">
			<Routes pattern="${ctx:PROVIDER}">
				<Route>
					<RollingFile name="SpecifiedProviderAppenderTrace"
						fileName="${sys:apsf.logs.home}/${baseDir}/${ctx:PROVIDER}/${adfbundle:appconfig:artifact.id}.trace"
						filePattern="${sys:apsf.logs.home}/archives/${baseDir}/${ctx:PROVIDER}/${adfbundle:appconfig:artifact.id}-%d{MM-dd-yyyy}-%i.trace.gz"
						createOnDemand="true">
						<PatternLayout
							pattern="[%d{DEFAULT}] [%-5p] [%t] %c -    [Trace: %X{UNIVERSALTRACEID}] [Provider: %X{PROVIDER}] [Process: %X{PROCESS}] [Application: %X{APPLICATION}] [Artifact: %X{ARTIFACT}] [Component: %X{COMPONENT}] [Session: %.5X{SESSION}] [Identity: %X{IDENTITY}] | %m%n" />
                        <Filters>
                            <UPFTraceFilter onMatch="ACCEPT" onMismatch="DENY" />
                        </Filters>
						<Policies>
							<TimeBasedTriggeringPolicy />
							<SizeBasedTriggeringPolicy size="250 MB" />
						</Policies>
						<DefaultRolloverStrategy>
							<Delete basePath="${sys:apsf.logs.home}/archives/${baseDir}" maxDepth="5">
								<IfFileName glob="**/*.trace.gz" />
								<IfLastModified age="30d" />
							</Delete>
						</DefaultRolloverStrategy>
					</RollingFile>
				</Route>

				<!-- If PROVIDER is not available, pick the appender configured for noProvider -->
				<Route key="${ctx:PROVIDER}">
					<RollingFile name="DefaultProviderAppenderTrace"
						fileName="${sys:apsf.logs.home}/${baseDir}/${defaultProvider}/${adfbundle:appconfig:artifact.id}.trace"
						filePattern="${sys:apsf.logs.home}/archives/${baseDir}/${defaultProvider}/${adfbundle:appconfig:artifact.id}-%d{MM-dd-yyyy}-%i.trace.gz"
						createOnDemand="true">
						<PatternLayout
							pattern="[%d{DEFAULT}] [%-5p] [%t] %c -    [Trace: %X{UNIVERSALTRACEID}] [Provider: %X{PROVIDER}] [Process: %X{PROCESS}] [Application: %X{APPLICATION}] [Artifact: %X{ARTIFACT}] [Component: %X{COMPONENT}] [Session: %.5X{SESSION}] [Identity: %X{IDENTITY}] | %m%n" />
                        <Filters>
                            <UPFTraceFilter onMatch="ACCEPT" onMismatch="DENY" />
                        </Filters>
						<Policies>
							<TimeBasedTriggeringPolicy />
							<SizeBasedTriggeringPolicy size="250 MB" />
						</Policies>
						<DefaultRolloverStrategy>
							<Delete basePath="${sys:apsf.logs.home}/archives/${baseDir}" maxDepth="5">
								<IfFileName glob="**/*.trace.gz" />
								<IfLastModified age="30d" />
							</Delete>
						</DefaultRolloverStrategy>
					</RollingFile>
				</Route>
			</Routes>
		</Routing>

		<!-- Trace Appenders CSV format -->
		<Routing name="ProviderAppenderTraceCSV">
			<Routes pattern="${ctx:PROVIDER}">
				<Route>
					<RollingFile name="SpecifiedProviderAppenderTraceCSV"
						fileName="${sys:apsf.logs.home}/${baseDir}/${ctx:PROVIDER}/${adfbundle:appconfig:artifact.id}.csv"
						filePattern="${sys:apsf.logs.home}/archives/${baseDir}/${ctx:PROVIDER}/${adfbundle:appconfig:artifact.id}-%d{MM-dd-yyyy}-%i.csv.gz"
						append="false" createOnDemand="true">
						<PatternLayout
							pattern="%.5X{SESSION};%d{DEFAULT};%-5p;%t;%c;%x;%X{UNIVERSALTRACEID};%X{PROVIDER};%X{PROCESS};%X{APPLICATION};%X{ARTIFACT};%X{COMPONENT};%X{IDENTITY};%m%n" />
                        <Filters>
                            <UPFTraceFilter onMatch="ACCEPT" onMismatch="DENY" />
                        </Filters>
						<Policies>
							<TimeBasedTriggeringPolicy />
							<SizeBasedTriggeringPolicy size="250 MB" />
						</Policies>
						<DefaultRolloverStrategy>
							<Delete basePath="${sys:apsf.logs.home}/archives/${baseDir}" maxDepth="5">
								<IfFileName glob="**/*.csv.gz" />
								<IfLastModified age="30d" />
							</Delete>
						</DefaultRolloverStrategy>
					</RollingFile>
				</Route>

				<!-- If PROVIDER is not available, pick the appender configured for noProvider -->
				<Route key="${ctx:PROVIDER}">
					<RollingFile name="DefaultProviderAppenderTraceCSV"
						fileName="${sys:apsf.logs.home}/${baseDir}/${defaultProvider}/${adfbundle:appconfig:artifact.id}.csv"
						filePattern="${sys:apsf.logs.home}/archives/${baseDir}/${defaultProvider}/${adfbundle:appconfig:artifact.id}-%d{MM-dd-yyyy}-%i.csv.gz"
						append="false" createOnDemand="true">
						<PatternLayout
							pattern="%.5X{SESSION};%d{DEFAULT};%-5p;%t;%c;%x;%X{UNIVERSALTRACEID};%X{PROVIDER};%X{PROCESS};%X{APPLICATION};%X{ARTIFACT};%X{COMPONENT};%X{IDENTITY};%m%n" />
                        <Filters>
                            <UPFTraceFilter onMatch="ACCEPT" onMismatch="DENY" />
                        </Filters>
						<Policies>
							<TimeBasedTriggeringPolicy />
							<SizeBasedTriggeringPolicy size="250 MB" />
						</Policies>
						<DefaultRolloverStrategy>
							<Delete basePath="${sys:apsf.logs.home}/archives/${baseDir}" maxDepth="5">
								<IfFileName glob="**/*.csv.gz" />
								<IfLastModified age="30d" />
							</Delete>
						</DefaultRolloverStrategy>
					</RollingFile>
				</Route>
			</Routes>
		</Routing>

		<!-- Standard Appenders -->
		<Routing name="ProviderAppender">
			<Routes pattern="${ctx:PROVIDER}">
				<Route>
					<RollingFile name="SpecifiedProviderAppender"
						fileName="${sys:apsf.logs.home}/${baseDir}/${ctx:PROVIDER}/${adfbundle:appconfig:artifact.id}.log"
						filePattern="${sys:apsf.logs.home}/archives/${baseDir}/${ctx:PROVIDER}/${adfbundle:appconfig:artifact.id}-%d{MM-dd-yyyy}-%i.log.gz"
						createOnDemand="true">
						<PatternLayout
							pattern="[%d{DEFAULT}] [%-5p] [%t] %c -    %X{HDR}:%n    %X{EVENTID}: %m%n" />
						<Filters>
							<ThresholdFilter level="WARN" />
						</Filters>
						<Policies>
							<TimeBasedTriggeringPolicy />
							<SizeBasedTriggeringPolicy size="250 MB" />
						</Policies>
						<DefaultRolloverStrategy>
							<Delete basePath="${sys:apsf.logs.home}/archives/${baseDir}" maxDepth="5">
								<IfFileName glob="**/*.log.gz" />
								<IfLastModified age="30d" />
							</Delete>
						</DefaultRolloverStrategy>
					</RollingFile>
				</Route>

				<!-- If PROVIDER is not available, pick the appender configured for noProvider -->
				<Route key="${ctx:PROVIDER}">
					<RollingFile name="DefaultProviderAppender"
						fileName="${sys:apsf.logs.home}/${baseDir}/${defaultProvider}/${adfbundle:appconfig:artifact.id}.log"
						filePattern="${sys:apsf.logs.home}/archives/${baseDir}/${defaultProvider}/${adfbundle:appconfig:artifact.id}-%d{MM-dd-yyyy}-%i.log.gz"
						createOnDemand="true">
						<PatternLayout
							pattern="[%d{DEFAULT}] [%-5p] [%t] %c -    %X{HDR}:%n    %X{EVENTID}: %m%n" />
						<Filters>
							<ThresholdFilter level="WARN" />
						</Filters>
						<Policies>
							<TimeBasedTriggeringPolicy />
							<SizeBasedTriggeringPolicy size="250 MB" />
						</Policies>
						<DefaultRolloverStrategy>
							<Delete basePath="${sys:apsf.logs.home}/archives/${baseDir}" maxDepth="5">
								<IfFileName glob="**/*.log.gz" />
								<IfLastModified age="30d" />
							</Delete>
						</DefaultRolloverStrategy>
					</RollingFile>
				</Route>
			</Routes>
		</Routing>
		<!-- ArcSight integration via syslog -->
        <Routing name="SyslogAppenderRoute">
            <Routes pattern="$${adfbundle:globalConfig:event.appender.syslog.default.route}">
                <Route key="true">
                    <Syslog name="SyslogEventAppender" format="RFC5424" mdcId="mdc"
		                 host="${adfbundle:globalConfig:event.syslog.hostname}"  port="${adfbundle:globalConfig:event.syslog.port}"    protocol="${adfbundle:globalConfig:event.syslog.protocol}"    
		                 appName="${adfbundle:appconfig:application.id}"  includeMDC="true"
		                 facility="${adfbundle:globalConfig:event.syslog.facility}" enterpriseNumber="${adfbundle:globalConfig:event.syslog.enterpriseNumber}" 
		                 newLine="true"    messageId="Audit" id="App"/>
                </Route>

                <!-- If PROVIDER is not available, pick the appender configured for noProvider -->
                <Route>
			        <RollingFile name="DefaultSyslogAppender" fileName="${sys:apsf.logs.home}/SyslogFile.log"
			            filePattern="${sys:apsf.logs.home}/SyslogFile-%d{MM-dd-yyyy}-%i.log"
			            createOnDemand="true">
			            <PatternLayout pattern="%m%n" />
			            <Filters>
			                <ThresholdFilter level="INFO" />
			            </Filters>
			            <Policies>
			                <TimeBasedTriggeringPolicy />
			            </Policies>
			        </RollingFile>
                </Route>
            </Routes>
        </Routing>

		<!-- Event Appender -->
		<RollingFile name="MainEventAppender"
			fileName="${sys:apsf.logs.home}/${baseDir}/AdfEvent.log"
			filePattern="${sys:apsf.logs.home}/archives/${baseDir}/AdfEvent-%d{MM-dd-yyyy}-%i.log.gz"
			createOnDemand="true">
			<PatternLayout pattern="%m%n" />
			<Filters>
				<ThresholdFilter level="INFO" />
			</Filters>
			<Policies>
				<TimeBasedTriggeringPolicy />
				<SizeBasedTriggeringPolicy size="250 MB" />
			</Policies>
			<DefaultRolloverStrategy>
				<Delete basePath="${sys:apsf.logs.home}/archives/${baseDir}" maxDepth="5">
					<IfFileName glob="**/*.log.gz" />
					<IfLastModified age="30d" />
				</Delete>
			</DefaultRolloverStrategy>
		</RollingFile>

		<!-- Performance Appenders -->
		<RollingFile name="PerformanceTraceAppenderTarget"
			fileName="${sys:apsf.logs.home}/${baseDir}/PerformanceTrace.log"
			filePattern="${sys:apsf.logs.home}/archives/${baseDir}/PerformanceTrace-%d{MM-dd-yyyy}-%i.log.gz"
			createOnDemand="true">
			<PatternLayout
				pattern="[%d{dd-MMM-yyy HH:mm:ss,SSS}];%.5X{SessionId};%t;%-5p;%c;%m%n" />
			<Filters>
				<ThresholdFilter level="ALL" />
			</Filters>
			<Policies>
				<TimeBasedTriggeringPolicy />
				<SizeBasedTriggeringPolicy size="250 MB" />
			</Policies>
			<DefaultRolloverStrategy>
				<Delete basePath="${sys:apsf.logs.home}/archives/${baseDir}" maxDepth="5">
					<IfFileName glob="**/*.log.gz" />
					<IfLastModified age="30d" />
				</Delete>
			</DefaultRolloverStrategy>
		</RollingFile>

		<Async name="PerformanceTraceAppender" bufferSize="500">
			<AppenderRef ref="PerformanceTraceAppenderTarget" />
		</Async>
	</Appenders>

	<!-- LOGGERS CONFIGURATION -->
	<Loggers>
		<Logger name="org" level="ALL">
			<appender-ref ref="ProviderAppender" />
			<appender-ref ref="ProviderAppenderTrace" />
		</Logger>

		<Logger name="net" level="ERROR">
			<appender-ref ref="ProviderAppender" />
			<appender-ref ref="ProviderAppenderTrace" />
		</Logger>

		<Logger name="com" level="ALL">
			<appender-ref ref="ProviderAppender" />
			<appender-ref ref="ProviderAppenderTrace" />
		</Logger>

		<Logger name="com.aciworldwide" level="ALL" additivity="false">
			<appender-ref ref="ProviderAppender" />
			<appender-ref ref="ProviderAppenderTrace" />
			<!-- Uncomment for output in CSV format -->
			<!-- <appender-ref ref="ProviderAppenderTraceCSV" /> -->
		</Logger>

		<Logger name="PerformanceTracer" level="ALL" additivity="false">
			<appender-ref ref="PerformanceTraceAppender" />
		</Logger>

		<!-- This will include all performance trace output from ACI classes. To 
			further limit the performance trace output, set a more specific Java package 
			after the perf. prefix. -->
		<Logger name="perf.com.aciworldwide" level="DEBUG">
			<appender-ref ref="PerformanceTraceAppender" />
		</Logger>

		<Logger name="adf-event" level="INFO">
			<appender-ref ref="MainEventAppender" />
		</Logger>
        
		<Logger name="com.aciworldwide.aps.adf.bsf" level="ALL" />
		<Logger name="com.aciworldwide.aps.adf.common" level="ALL" />
		<Logger name="com.aciworldwide.aps.adf.common.fw" level="ALL" />
		<Logger name="com.aciworldwide.aps.adf.common.fw.webapp" level="ALL" />
		<Logger name="com.aciworldwide.aps.adf.core" level="ALL" />
		<Logger name="com.aciworldwide.aps.adf.core.service" level="ALL" />
		<Logger name="com.aciworldwide.aps.adf.core.service.iscale.proxy"
			level="ERROR" />
		<Logger name="com.aciworldwide.aps.adf.core.service.iscale"
			level="ALL" />
		<Logger name="com.aciworldwide.aps.adf.core.service.entitlements"
			level="ALL" />
		<Logger name="com.aciworldwide.aps.adf.core.adapter" level="ALL" />
		<Logger name="com.aciworldwide.aps.adf.core.service.cache"
			level="ALL" />
		<Logger name="com.aciworldwide.aps.adf.core.adapter.cache"
			level="ALL" />
		<Logger name="com.aciworldwide.aps.adf.core.webapp" level="ALL" />
		<Logger name="com.aciworldwide.aps.adf.emf" level="ALL" />
		<Logger name="com.aciworldwide.aps.adf.emf.webapp" level="ALL" />
		<Logger name="com.aciworldwide.aps.adf.trace" level="INFO"/>
		<Logger name="com.aciworldwide.aps.adf.core.service.management.trace" level="INFO"/>
		<Logger name="syslog-event" level="INFO">
			<appender-ref ref="SyslogAppenderRoute" />
		</Logger>

		<Root level="ALL">
			<!-- Console appender is optional as categories already have associated 
				file based appenders; uncomment the following line to enable console logging -->
			<!-- <appender-ref ref="STDOUT" /> -->
		</Root>
	</Loggers>

</Configuration>
