<?xml version="1.0" encoding="UTF-8" ?>
<!DOCTYPE log4j:configuration SYSTEM "log4j.dtd">
<log4j:configuration xmlns:log4j='http://jakarta.apache.org/log4j/'>

    <!-- Console Appender -->    
    <appender name="ConsoleAppender" class="org.apache.log4j.ConsoleAppender">
        <param name="Threshold" value="INFO"/>
        <layout class="org.apache.log4j.PatternLayout">
            <param name="ConversionPattern" 
                   value="[%d{ISO8601}] [%-5p] [%t] %c %x - %n    %m%n" />
        </layout>
    </appender>

    <!-- Provider Appender -->
    <appender name="ProviderAppender" class="com.aciworldwide.aps.adf.core.logger.log4j.SiftingMultiTenantDailyRollingFileAppender">
        <param name="File" value="${apsf.logs.home}/%X{PROVIDER}/%X{APPLICATION}.log"/>
        <param name="Append" value="false"/>
        <param name="DatePattern" value="'.'yyyy-MM-dd"/>
        <param name="DefaultProvider" value="noProvider"/>
        <param name="DefaultAppId" value="noAppId"/>
        <layout class="org.apache.log4j.PatternLayout">
            <param name="ConversionPattern" 
                   value="[%d{ISO8601}] [%-5p] [%t] %c %x - %n    %X{HDR}:%n    %X{EVENTID}: %m%n" />
                   <!-- 
                   value="%X{EVENTID} :  %d{yyyy-MM-dd HH:mm:ss} [%p] [%c] [Provider: %X{PROVIDER}] [Component: %X{PROCESS}.%X{APPLICATION}.%X{COMPONENT}] [Session: %X{SESSION}] [Identity: %X{IDENTITY}] -  %m%n" /> 
                   -->
        </layout>
    </appender>

    <appender name="ProviderAppenderDbg" class="com.aciworldwide.aps.adf.core.logger.log4j.SiftingMultiTenantDailyRollingFileAppender">
        <param name="File" value="${apsf.logs.home}/%X{PROVIDER}/%X{APPLICATION}.debug"/>
        <param name="Append" value="false"/>
        <param name="DatePattern" value="'.'yyyy-MM-dd"/>
                <param name="DefaultProvider" value="noProvider"/>
                <param name="DefaultAppId" value="noAppId"/>
        <layout class="org.apache.log4j.PatternLayout">
            <param name="ConversionPattern" 
                   value="[%d{ISO8601}] [%-5p] [%t] %c %x - %n    %X{HDR}:%n    %X{EVENTID}: %m%n" />
                   <!-- 
                   value="%X{EVENTID} :  %d{yyyy-MM-dd HH:mm:ss} [%p] [%c] [Provider: %X{PROVIDER}] [Component: %X{PROCESS}.%X{APPLICATION}.%X{COMPONENT}] [Session: %X{SESSION}] [Identity: %X{IDENTITY}] -  %m%n" />
                   -->
        </layout>
    </appender>
    
    <appender name="ThirdParty_ProviderAppender" class="com.aciworldwide.aps.adf.core.logger.log4j.SiftingMultiTenantDailyRollingFileAppender">
        <param name="File" value="${apsf.logs.home}/%X{PROVIDER}/%X{APPLICATION}_Thirdparty.log"/>
        <param name="Append" value="false"/>
        <param name="DatePattern" value="'.'yyyy-MM-dd"/>
        <param name="DefaultProvider" value="noProvider"/>
        <param name="DefaultAppId" value="noAppId"/>
        <layout class="org.apache.log4j.PatternLayout">
            <param name="ConversionPattern" 
                value="[%d{ISO8601}] [%-5p] [%t] %c %x - %n    [Provider: %X{PROVIDER}] [Process: %X{PROCESS}] [Application: %X{APPLICATION}] [Component: Infrastructure] [Session: %X{SESSION}] [Identity: %X{IDENTITY}]:%n    %m%n" />
        </layout>
    </appender>

    <appender name="ThirdParty_ProviderAppenderDbg" class="com.aciworldwide.aps.adf.core.logger.log4j.SiftingMultiTenantDailyRollingFileAppender">
        <param name="File" value="${apsf.logs.home}/%X{PROVIDER}/%X{APPLICATION}_Thirdparty.debug"/>
        <param name="Append" value="false"/>
        <param name="DatePattern" value="'.'yyyy-MM-dd"/>
        <param name="DefaultProvider" value="noProvider"/>
        <param name="DefaultAppId" value="noAppId"/>
        <layout class="org.apache.log4j.PatternLayout">
            <param name="ConversionPattern" 
                value="[%d{ISO8601}] [%-5p] [%t] %c %x - %n    [Provider: %X{PROVIDER}] [Process: %X{PROCESS}] [Application: %X{APPLICATION}] [Component: Infrastructure] [Session: %X{SESSION}] [Identity: %X{IDENTITY}]:%n    %m%n" />
        </layout>
    </appender>
    
    <appender name="PerformanceTraceLogFileTarget" class="org.apache.log4j.DailyRollingFileAppender">
       <param name="Threshold" value="DEBUG"/>
       <param name="File" value="${apsf.logs.home}/PerformanceTrace.log"/>
       <param name="Append" value="true"/>
       <layout class="org.apache.log4j.PatternLayout">
           <param name="ConversionPattern"
            value="[%d{dd-MMM-yyy HH:mm:ss,SSS}];%X{SessionId};%t;%-5p;%c;%m%n"/>
       </layout>
    </appender> 
    
     <appender name="PerformanceTraceLogFile" class="org.apache.log4j.AsyncAppender">
        <param name="BufferSize" value="500"/>
        <appender-ref ref="PerformanceTraceLogFileTarget"/>
    </appender>
    
<!-- Logging categories - eg : logger name based using x.y.z convention w/ inheritance -->
    <category name="org">
        <level value="ERROR"/>
        <appender-ref ref="ThirdParty_ProviderAppender"/>
        <appender-ref ref="ThirdParty_ProviderAppenderDbg"/>
    </category>
    
    <category name="com">
        <level value="ERROR"/>
        <appender-ref ref="ThirdParty_ProviderAppender"/>
        <appender-ref ref="ThirdParty_ProviderAppenderDbg"/>
    </category>

    <category name="com.aciworldwide" additivity="true">
        <level value="ERROR"/>
        <appender-ref ref="ProviderAppender"/>
        <appender-ref ref="ProviderAppenderDbg"/>
    </category>
    
    <category name="com.aciworldwide.aps.adf.bsf">
        <level value="ERROR"/>
    </category>
    
    <category name="com.aciworldwide.aps.adf.common">
        <level value="ERROR"/>
    </category>
    
    <category name="com.aciworldwide.aps.adf.common.fw">
        <level value="ERROR"/>
    </category>
    
    <category name="com.aciworldwide.aps.adf.common.fw.webapp">
        <level value="ERROR"/>
    </category>
    
    <category name="com.aciworldwide.aps.adf.core">
        <level value="ERROR"/>
    </category>
    
    <category name="com.aciworldwide.aps.adf.core.service">
        <level value="ERROR"/>
    </category>
    
    <category name="com.aciworldwide.aps.adf.core.adapter">
        <level value="ERROR"/>
    </category>
    
    <category name="com.aciworldwide.aps.adf.core.service.cache">
        <level value="ERROR"/>
    </category>
    
    <category name="com.aciworldwide.aps.adf.core.adapter.cache">
        <level value="ERROR"/>
    </category>
    
    <category name="com.aciworldwide.aps.adf.core.webapp">
        <level value="ERROR"/>
    </category>
    
    <category name="com.aciworldwide.aps.adf.emf">
        <level value="ERROR"/>
    </category>

    <category name="com.aciworldwide.aps.adf.management">
        <level value="ERROR"/>
    </category>
    
    <category name="com.aciworldwide.aps.adf.emf.webapp">
        <level value="ERROR"/>
    </category>
    
    <category name="PerformanceTracer" additivity="false">
        <level value="DEBUG"/>
        <appender-ref ref="PerformanceTraceLogFile"/>
    </category>

<!-- Logging console for all errors regardless of provider -->
    <root>
        <level value="ERROR"/>
        <appender-ref ref="ConsoleAppender" />
    </root>
    
</log4j:configuration>