<?xml version="1.0" encoding="UTF-8"?>
<!-- 
     The flow for processing this file is:
     
         exclusion = true
            
                If the page/uri is found in the include list, CSRF validation is required.
                
                Else, if the page/uri is found in the exclude list, then CSRF validation will NOT be required.
                
                Else, if it's found in the page list within the <application> tag, then validation will NOT be
                    required.
                
                Else, if it's not found in any list, validation will be required.
        
    Or,
        exclusion = false
        
                If the page/uri is found in the include list, then validation is NOT required.
                
                Else, if the page/uri is found in the exclude list, then validatiion is required.
                
                Else, if it's found in the page list within the <application> tag, then validation is required.
                
                Else, if it's not found in any list, validation will be required.
    
-->
<CSRF exclusion="true">
    <application name="APSF">
        <page>/desktop/login</page>
    </application>
    <filterList name="exclude" enable="true">
        <page>/desktop/login</page>
        <page>/desktop/doLogin</page>
        <page>/desktop/publishClientEvent</page>
        <page>/sso/validate.do</page>
        <page>/sso/ext/keepAliveJS.do</page>
        <!-- There is a fix for a security issue in logout page, see OriginFilter.java -->
        <!--<page>/desktop/logout</page>-->
        <page>/desktop/error</page>
        <page>/desktop/timeout</page>
        <page>/desktop/sso/init</page>
        <page>/desktop/sso/logout</page>
        <!-- Excluding because this is a GET request -->
        <page>/emf/meta/ui/*</page>        
    </filterList>
    
    <!-- Looks like this is not used when excludes are present !!?? -->
    <filterList name="include" enable="true">
        <page>/desktop/*</page>
    </filterList>
    
    <filterList name="external" enable="true">
        <page>/devtestadmin/secureTokenTest.do</page>
        <page>/account/*</page>
        <page>/emf/getDeletedReportsList.do</page>
        <page>/emf/getReports.do</page>
    </filterList>
</CSRF>
