<?xml version="1.0" encoding="UTF-8"?>
<beans xmlns="http://www.springframework.org/schema/beans"
    xmlns:p="http://www.springframework.org/schema/p" xmlns:xsi="http://www.w3.org/2001/XMLSchema-instance"
    xmlns:context="http://www.springframework.org/schema/context"
    xmlns:mvc="http://www.springframework.org/schema/mvc"
    xmlns:util="http://www.springframework.org/schema/util"
    xsi:schemaLocation="http://www.springframework.org/schema/beans http://www.springframework.org/schema/beans/spring-beans-3.0.xsd
                http://www.springframework.org/schema/context http://www.springframework.org/schema/context/spring-context-3.0.xsd
                http://www.springframework.org/schema/mvc http://www.springframework.org/schema/mvc/spring-mvc-3.0.xsd
                http://www.springframework.org/schema/util http://www.springframework.org/schema/util/spring-util.xsd">
    
    <!--<bean id="desktopHelper" class="com.aciworldwide.rms.ar.desktop.util.DesktopHelperExtension">-->
    	<!--<property name="rmsLocalizationBundle" ref="rmsLocalizationBundle" />-->
    <!--</bean>-->

    <bean id="desktopController" class="com.aciworldwide.aps.adf.desktop.controller.DesktopController"/>
    <bean id="rmsLocalizationBundle" class="org.springframework.context.support.ReloadableResourceBundleMessageSource">

		<property name="basename" value="classpath:rms-desktop-logging-messages" />
		<property name="defaultEncoding" value="UTF-8" />
    </bean>

</beans>
