<?xml version="1.0" encoding="UTF-8" standalone="yes"?>
<paths>
    <!--
        This is the base process for installing or upgrading the database for
        this module.
    -->
    #include("dbdescriptor-commonerrors-xml.vm")
    
    <!-- ****************************  Install path **********************************  -->
    <installpath endversion="1.0" moduleid="${moduleId}">
        <steps>
            <script description="Creating the base DB for ${moduleId} application" 
                    path="${moduleId}/sql/tmp/RM-Desktop-1.0-s01.sql">
             </script>
        </steps>
    </installpath>  
    
    <!-- ****************************  Upgrade path **********************************  -->
    <upgradepath startversion="1.0" moduleid="${moduleId}" endversion="1.0">
        <steps>
        </steps>
    </upgradepath>

</paths>

