<assembly xmlns="http://maven.apache.org/plugins/maven-assembly-plugin/assembly/1.1.3" xmlns:xsi="http://www.w3.org/2001/XMLSchema-instance"
          xsi:schemaLocation="http://maven.apache.org/plugins/maven-assembly-plugin/assembly/1.1.3 http://maven.apache.org/xsd/assembly-1.1.3.xsd">
    <id>assembly</id>
    <formats>
        <format>zip</format>
    </formats>
    <includeBaseDirectory>false</includeBaseDirectory>
    <fileSets>
        <fileSet>
            <outputDirectory>node_modules</outputDirectory>
            <directory>${project.basedir}/src/main/resources/node_modules</directory>
        </fileSet>
        <fileSet>
            <outputDirectory/>
            <directory>${project.basedir}/src/main/resources</directory>
            <includes>
                <include>angular.json</include>
            </includes>
        </fileSet>
    </fileSets>
</assembly>
